Game ID,Date,Week,Team,Opponent,Spread,Over/Under,Odds Provider,Team Moneyline,Home/Away,PPR Points Allowed Per Game vs QB,PPR Points Allowed Per Game vs RB,PPR Points Allowed Per Game vs TE,PPR Points Allowed Per Game vs WR,Pass TD Allowed Per Game vs QB,Pass TD Allowed Per Game vs RB,Pass TD Allowed Per Game vs TE,Pass TD Allowed Per Game vs WR,Pass Yards Allowed Per Game vs QB,Pass Yards Allowed Per Game vs RB,Pass Yards Allowed Per Game vs TE,Pass Yards Allowed Per Game vs WR,Receiving TD Allowed Per Game vs QB,Receiving TD Allowed Per Game vs RB,Receiving TD Allowed Per Game vs TE,Receiving TD Allowed Per Game vs WR,Receiving Yards Allowed Per Game vs QB,Receiving Yards Allowed Per Game vs RB,Receiving Yards Allowed Per Game vs TE,Receiving Yards Allowed Per Game vs WR,Receptions Allowed Per Game vs QB,Receptions Allowed Per Game vs RB,Receptions Allowed Per Game vs TE,Receptions Allowed Per Game vs WR,Rush TD Allowed Per Game vs QB,Rush TD Allowed Per Game vs RB,Rush TD Allowed Per Game vs TE,Rush TD Allowed Per Game vs WR,Rush Yards Allowed Per Game vs QB,Rush Yards Allowed Per Game vs RB,Rush Yards Allowed Per Game vs TE,Rush Yards Allowed Per Game vs WR,Targets Allowed Per Game vs QB,Targets Allowed Per Game vs RB,Targets Allowed Per Game vs TE,Targets Allowed Per Game vs WR,Games Played,Team Pass Yds/G,Team Pass TD/G,Team Rush Yds/G,Team Rush TD/G,Team PPR/G,Team Off Yds/G
401872964,2026-10-02T00:15Z,4,CLE,PIT,,,,,Home,12.77,21.63,9.33,27.97,1.33,0.0,0.0,0.0,211.0,0.0,0.0,0.0,0.0,0.33,0.33,0.67,0.0,35.33,40.0,134.33,0.0,4.0,3.33,10.33,0.0,0.33,0.0,0.0,10.0,101.0,0.0,2.0,0.0,5.67,4.67,14.67,3,195.67,1.67,87.67,0.0,71.16,283.33
401872964,2026-10-02T00:15Z,4,PIT,CLE,,,,,Away,17.21,17.07,14.93,36.67,2.0,0.0,0.0,0.0,239.33,0.0,0.0,0.0,0.0,0.0,0.33,1.67,0.0,18.0,66.0,155.33,0.0,4.67,6.33,10.67,0.0,0.0,0.0,0.0,9.67,106.0,0.0,4.67,0.0,5.0,8.67,18.33,3,233.33,1.33,95.67,0.0,76.23,329.0
401872965,2026-10-04T13:30Z,4,IND,WSH,,,,,Away,27.38,11.9,21.4,46.65,3.67,0.0,0.0,0.0,287.0,0.0,0.0,4.67,0.0,0.0,1.67,2.0,0.0,26.67,67.33,191.0,0.0,3.67,4.67,15.33,0.0,0.0,0.0,0.0,25.67,55.67,0.0,0.33,0.0,5.0,6.67,20.67,3,203.67,1.0,103.33,1.33,76.51,307.0
401872965,2026-10-04T13:30Z,4,WSH,IND,,,,,Home,22.54,28.1,17.47,35.0,1.67,0.0,0.0,0.0,291.0,0.0,0.0,0.0,0.0,0.0,0.67,1.0,0.0,43.67,68.0,179.33,0.0,4.33,6.67,10.67,0.33,1.33,0.0,0.0,22.33,114.0,0.0,4.0,0.0,5.67,9.0,16.0,3,184.67,2.33,132.0,0.33,84.39,316.67
401872966,2026-10-04T17:00Z,4,ARI,NYG,ARI -2.5,44.5,Draft Kings,,Away,16.94,22.3,12.6,35.9,2.33,0.0,0.0,0.0,227.67,0.0,0.0,0.0,0.0,0.67,0.33,1.33,0.0,26.0,46.0,155.67,0.0,4.0,6.0,12.33,0.0,0.33,0.0,0.0,5.0,97.0,0.0,0.0,0.0,4.0,7.67,20.0,3,217.33,1.33,93.0,0.67,83.73,310.33
401872973,2026-10-04T17:00Z,4,BAL,TEN,BAL -11.5,42.5,Draft Kings,,Home,10.53,20.67,7.37,32.93,0.67,0.0,0.0,0.0,199.0,0.0,0.0,0.0,0.0,0.0,0.0,0.67,0.0,25.67,16.0,157.33,0.0,3.33,3.67,12.67,0.0,0.67,0.33,0.0,12.33,107.67,1.0,5.33,0.0,4.33,5.67,16.0,3,248.33,1.33,167.33,2.33,95.83,415.67
401872971,2026-10-04T17:00Z,4,BUF,NE,BUF -7,49.5,Draft Kings,,Home,13.12,19.5,6.2,32.9,1.33,0.0,0.0,0.0,189.67,0.0,0.0,0.0,0.0,0.0,0.0,1.33,0.0,29.33,28.0,125.67,0.0,3.33,3.33,12.33,0.0,0.67,0.0,0.0,15.33,92.33,0.67,0.0,0.0,4.67,5.0,19.0,3,262.0,1.67,155.0,2.67,102.18,417.0
401872972,2026-10-04T17:00Z,4,CHI,NYJ,CHI -3.5,43.5,Draft Kings,,Home,14.95,24.1,7.37,28.83,1.67,0.0,0.0,0.0,184.67,0.0,0.0,0.0,0.0,0.67,0.0,1.0,0.0,36.0,33.67,115.0,0.0,4.67,4.0,11.33,0.0,0.67,0.0,0.0,9.0,78.33,0.0,0.0,0.0,6.33,5.0,18.0,3,236.0,1.33,184.33,2.33,99.81,420.33
401872969,2026-10-04T17:00Z,4,CIN,JAX,CIN -2.5,51.5,Draft Kings,,Home,11.76,16.77,7.83,31.48,0.67,0.0,0.0,0.0,240.67,0.0,0.0,5.33,0.0,0.0,0.33,0.33,0.0,40.0,29.67,175.67,0.0,5.0,2.67,10.67,0.0,0.33,0.0,0.0,21.33,57.67,2.0,10.33,0.0,5.33,3.33,18.0,3,247.67,2.0,91.33,0.33,89.47,339.0
401872967,2026-10-04T17:00Z,4,DAL,HOU,HOU -3,48.5,Draft Kings,,Away,21.25,11.83,13.17,39.97,1.67,0.0,0.0,0.0,258.67,0.0,0.0,0.0,0.0,0.0,0.0,1.67,0.0,11.33,71.0,176.33,0.0,3.0,6.0,12.33,0.67,0.0,0.0,0.0,9.0,77.0,0.67,0.0,0.0,4.33,7.0,20.0,3,243.33,2.33,94.33,1.0,96.5,337.67
401872968,2026-10-04T17:00Z,4,GB,TB,GB -3,38.5,Draft Kings,,Away,14.77,17.83,15.77,25.37,1.33,0.0,0.0,0.0,220.0,0.0,0.0,0.0,0.0,0.0,0.67,0.67,0.0,40.0,61.0,119.0,0.0,6.33,5.67,9.33,0.0,0.33,0.0,0.0,19.67,55.0,0.0,1.33,0.0,7.33,7.67,14.67,3,281.33,2.0,48.67,0.0,84.59,330.0
401872967,2026-10-04T17:00Z,4,HOU,DAL,HOU -3,48.5,Draft Kings,,Home,23.51,25.67,17.27,30.27,2.33,0.0,0.0,0.0,207.67,0.0,0.0,0.0,0.0,0.33,1.0,1.0,0.0,22.33,56.0,129.33,0.0,4.0,5.67,10.67,0.0,1.0,0.0,0.0,58.67,114.33,0.0,6.67,0.0,4.0,6.33,17.0,3,264.67,1.0,84.67,1.0,85.52,349.33
401872969,2026-10-04T17:00Z,4,JAX,CIN,CIN -2.5,51.5,Draft Kings,,Away,19.11,19.53,17.67,30.77,1.0,0.0,0.0,0.0,287.0,0.0,0.0,0.0,0.0,0.0,0.0,1.0,0.0,47.0,99.67,140.33,0.0,6.0,7.67,10.33,0.33,0.33,0.0,0.0,23.0,68.33,0.33,4.0,0.0,6.67,10.0,19.33,3,205.33,2.33,119.33,1.0,86.68,324.67
401872970,2026-10-04T17:00Z,4,LAR,PHI,LAR -3.5,42.5,Draft Kings,,Away,20.72,16.77,6.63,36.0,1.33,0.0,0.0,0.0,198.0,0.0,0.0,0.0,0.0,0.0,0.0,1.33,0.0,10.67,29.67,157.67,0.0,2.67,3.67,12.0,1.0,0.33,0.0,0.0,14.67,110.33,0.0,2.33,0.0,3.0,5.0,18.67,3,295.0,2.0,133.67,0.33,97.0,428.67
401872971,2026-10-04T17:00Z,4,NE,BUF,BUF -7,49.5,Draft Kings,,Away,20.99,27.5,10.53,38.77,2.33,0.0,0.0,0.0,275.67,0.0,0.0,0.0,0.0,1.0,0.33,1.0,0.0,33.33,38.67,192.0,0.0,5.0,4.67,13.33,0.0,0.67,0.0,0.0,13.0,91.67,0.0,2.33,0.0,6.67,7.33,20.67,3,210.33,0.33,109.33,0.33,60.05,319.67
401872966,2026-10-04T17:00Z,4,NYG,ARI,ARI -2.5,44.5,Draft Kings,,Home,21.98,17.73,17.6,39.03,2.67,0.0,0.0,0.0,247.0,0.0,0.0,0.0,0.0,0.0,0.67,2.0,0.0,17.0,62.33,167.67,0.0,2.0,5.33,9.67,0.0,0.67,0.33,0.0,21.0,100.33,0.33,6.0,0.0,3.33,6.0,16.33,3,159.67,1.0,118.33,0.33,62.52,278.0
401872972,2026-10-04T17:00Z,4,NYJ,CHI,CHI -3.5,43.5,Draft Kings,,Away,16.93,20.33,8.27,27.5,1.0,0.0,0.0,0.0,219.0,0.0,0.0,0.0,0.0,0.33,0.0,0.67,0.0,38.0,42.67,138.33,0.0,3.0,4.0,9.67,0.67,0.33,0.0,0.0,21.67,95.33,0.0,0.0,0.0,4.0,5.67,16.0,3,261.0,1.33,92.33,1.0,90.77,353.33
401872970,2026-10-04T17:00Z,4,PHI,LAR,LAR -3.5,42.5,Draft Kings,,Home,14.86,17.4,7.73,29.43,1.67,0.0,0.0,0.0,174.0,0.0,0.0,0.0,0.0,0.0,0.33,1.33,0.0,33.67,24.0,115.67,0.0,6.0,3.33,9.0,0.33,0.0,0.0,0.0,12.33,80.33,0.0,8.67,0.0,8.0,8.33,15.67,3,206.67,1.67,110.67,0.67,76.67,317.33
401872968,2026-10-04T17:00Z,4,TB,GB,GB -3,38.5,Draft Kings,,Home,14.82,30.67,11.53,34.7,1.67,0.0,0.0,0.0,218.0,0.0,0.0,0.0,0.0,0.0,0.67,1.0,0.0,30.33,32.0,155.67,0.0,3.0,4.33,12.67,0.0,2.0,0.0,0.0,7.67,126.33,0.0,4.67,0.0,3.33,6.0,18.0,3,205.0,0.67,94.33,0.67,67.13,299.33
401872973,2026-10-04T17:00Z,4,TEN,BAL,BAL -11.5,42.5,Draft Kings,,Away,16.12,20.53,12.93,36.3,1.0,0.0,0.0,0.0,231.33,0.0,0.0,0.0,0.0,0.0,0.67,0.33,0.0,12.0,46.0,173.33,0.0,4.67,4.33,14.67,0.33,1.0,0.0,0.33,15.33,86.67,0.0,3.0,0.0,5.67,6.0,22.0,3,168.0,0.67,90.33,0.67,60.89,258.33
401872974,2026-10-04T20:05Z,4,MIA,MIN,MIN -10,38.5,Draft Kings,,Away,13.85,13.37,9.43,35.73,1.0,0.0,0.0,0.0,265.33,0.0,0.0,0.0,0.0,0.0,0.0,1.0,0.0,30.33,61.0,174.0,0.0,3.67,3.33,12.33,0.0,0.0,0.0,0.0,19.0,66.67,0.0,0.0,0.0,6.0,7.67,21.67,3,209.0,0.33,98.33,0.67,61.43,307.33
401872974,2026-10-04T20:05Z,4,MIN,MIA,MIN -10,38.5,Draft Kings,,Home,19.34,29.27,16.0,24.23,2.33,0.0,0.0,0.0,231.0,0.0,0.0,0.0,0.0,1.0,0.67,0.33,0.0,31.67,70.0,120.33,0.0,4.33,5.0,10.33,0.33,1.0,0.0,0.0,7.67,97.67,0.0,-1.33,0.0,4.33,5.67,13.67,3,154.0,1.33,101.33,0.67,61.36,255.33
401872975,2026-10-04T20:25Z,4,DEN,SF,SF -3,48.5,Draft Kings,,Away,14.53,21.73,11.73,28.07,1.0,0.0,0.0,0.0,215.0,0.0,0.0,0.0,0.0,0.33,0.0,0.67,0.0,25.67,50.67,132.67,0.0,5.33,6.67,10.67,0.33,0.33,0.0,0.0,6.0,98.33,0.0,1.33,0.0,6.33,8.33,17.67,3,201.67,1.33,81.0,0.67,70.33,282.67
401872976,2026-10-04T20:25Z,4,KC,LV,KC -4.5,47.5,Draft Kings,,Away,17.46,17.8,21.73,23.43,1.67,0.0,0.0,0.0,222.33,0.0,0.0,0.0,0.0,0.0,1.67,0.0,0.0,29.67,50.67,142.0,0.0,4.0,6.67,9.0,0.33,0.33,0.0,0.0,25.67,88.33,0.0,2.33,0.0,4.67,7.67,18.67,3,270.67,2.33,153.33,1.0,103.56,424.0
401872977,2026-10-04T20:25Z,4,LAC,SEA,SEA -7,42.5,Draft Kings,,Away,12.25,16.23,11.33,23.83,1.67,0.0,0.0,0.0,152.0,0.0,0.0,0.0,0.0,0.33,0.67,0.67,0.0,30.33,26.67,95.0,0.0,4.67,4.67,10.33,0.0,0.0,0.0,0.0,21.67,65.33,0.0,0.0,0.0,5.0,6.0,18.0,3,209.0,1.0,113.0,0.67,69.23,322.0
401872976,2026-10-04T20:25Z,4,LV,KC,KC -4.5,47.5,Draft Kings,,Home,10.28,19.03,14.07,22.63,0.67,0.0,0.0,0.0,183.67,0.0,0.0,0.0,0.0,0.0,0.67,0.0,0.0,25.67,43.0,115.0,0.0,3.67,5.67,10.33,0.0,1.0,0.0,0.0,22.67,68.0,1.0,8.0,0.0,4.0,7.67,19.0,3,220.33,3.0,100.0,0.33,91.51,320.33
401872977,2026-10-04T20:25Z,4,SEA,LAC,SEA -7,42.5,Draft Kings,,Home,18.72,21.13,13.07,32.93,1.33,0.0,0.0,0.0,244.67,0.0,0.0,0.0,0.0,0.0,0.33,1.0,0.33,27.67,57.33,159.33,0.33,4.0,5.33,11.0,0.67,0.67,0.0,0.0,12.33,103.67,0.0,0.0,0.33,6.33,7.67,16.33,3,276.0,2.67,101.0,0.33,98.74,377.0
401872975,2026-10-04T20:25Z,4,SF,DEN,SF -3,48.5,Draft Kings,,Home,16.24,28.67,14.97,27.43,1.33,0.0,0.0,0.0,254.33,0.0,0.0,0.0,0.0,0.33,0.33,0.67,0.0,43.67,66.33,144.33,0.0,5.33,6.33,9.0,0.33,0.67,0.0,0.0,14.0,129.67,0.0,0.0,0.0,7.67,9.0,17.33,3,263.0,3.0,136.33,1.33,107.79,399.33
401872978,2026-10-05T00:20Z,4,CAR,DET,DET -3.5,51.5,Draft Kings,,Home,30.69,19.7,33.37,39.0,3.0,0.0,0.0,0.0,326.33,0.0,0.0,0.0,0.0,0.0,2.0,1.0,0.0,20.0,117.0,189.33,0.0,5.0,9.67,14.0,0.67,0.67,0.0,0.0,29.67,87.0,0.0,0.67,0.0,6.67,13.0,19.0,3,313.0,2.33,97.0,0.67,103.52,410.0
401872978,2026-10-05T00:20Z,4,DET,CAR,DET -3.5,51.5,Draft Kings,,Away,19.64,30.53,14.03,23.17,1.33,0.0,0.0,0.0,186.0,0.0,0.0,0.0,0.0,0.0,1.0,0.33,0.0,34.0,40.33,111.67,0.0,4.67,4.0,10.0,0.67,1.33,0.0,0.0,48.67,144.67,0.0,0.0,0.0,5.33,7.33,16.0,3,267.33,2.67,120.67,1.33,109.83,388.0
401872979,2026-10-06T00:15Z,4,ATL,NO,NO -1.5,47.5,Draft Kings,,Away,17.82,27.87,20.67,29.0,2.0,0.0,0.0,0.0,229.67,0.0,0.0,0.0,0.0,0.0,0.67,1.33,0.0,36.33,83.33,110.0,0.0,4.67,8.33,10.0,0.0,1.33,0.0,0.0,13.0,115.67,0.0,0.0,0.0,4.67,11.0,17.0,3,181.33,0.67,173.0,1.0,67.35,354.33
401872979,2026-10-06T00:15Z,4,NO,ATL,NO -1.5,47.5,Draft Kings,,Home,18.23,13.47,17.2,38.47,2.0,0.0,0.0,0.0,273.33,0.0,0.0,0.0,0.0,0.33,1.0,0.67,0.0,20.0,52.0,201.33,0.0,4.67,6.0,14.33,0.0,0.0,0.0,0.0,-0.33,48.0,0.0,0.0,0.0,7.0,8.0,25.0,3,305.67,2.67,101.33,0.67,111.93,407.0
