Game ID,Week,Player,Team,Completions,Attempts,Pass Yards,Pass TD,Interceptions,Rush Attempts,Rush Yards,Rush TD,Total EPA,EPA/Play,Passer Rating
2026_01_ARI_LAC,1,J.Brissett,ARI,27,38,277,1,0,6,14,0,9.01,0.237,100.4
2026_01_ARI_LAC,1,J.Herbert,LAC,17,30,187,1,1,5,29,0,-5.61,-0.187,72.5
2026_01_ATL_PIT,1,A.Rodgers,PIT,24,42,206,1,0,3,-3,0,-7.84,-0.187,78.1
2026_01_ATL_PIT,1,C.Johnston,PIT,0,1,0,0,0,0,0,0,-1.84,-1.845,39.6
2026_01_ATL_PIT,1,C.Rush,ATL,12,26,118,1,2,0,0,0,-15.76,-0.606,40.2
2026_01_BAL_IND,1,D.Jones,IND,19,33,149,1,1,1,4,0,-9.61,-0.291,66.4
2026_01_BAL_IND,1,L.Jackson,BAL,17,27,304,1,0,7,40,1,10.34,0.383,113.8
2026_01_BUF_HOU,1,C.Stroud,HOU,26,41,257,2,0,2,15,0,1.5,0.036,97.3
2026_01_BUF_HOU,1,J.Allen,BUF,20,32,323,2,0,6,23,2,14.54,0.454,117.1
2026_01_CHI_CAR,1,B.Young,CAR,23,39,353,3,1,2,10,1,15.52,0.398,103.9
2026_01_CHI_CAR,1,C.Williams,CHI,21,31,261,2,0,10,65,2,18.57,0.599,115.1
2026_01_CHI_CAR,1,K.Pickett,CAR,0,1,0,0,0,1,24,0,-0.38,-0.381,39.6
2026_01_CLE_JAX,1,D.Watson,CLE,16,27,185,1,1,6,38,0,-5.56,-0.206,76.9
2026_01_CLE_JAX,1,T.Lawrence,JAX,18,24,234,4,0,2,3,0,19.02,0.793,144.8
2026_01_DAL_NYG,1,D.Prescott,DAL,22,34,175,2,1,2,14,0,10.38,0.305,84.8
2026_01_DAL_NYG,1,J.Dart,NYG,23,31,229,3,0,11,54,0,21.91,0.707,126.9
2026_01_DEN_KC,1,B.Nix,DEN,17,32,115,1,1,3,2,0,-14.38,-0.449,58.7
2026_01_DEN_KC,1,P.Mahomes,KC,15,29,172,2,1,7,23,1,-2.3,-0.079,78.5
2026_01_GB_MIN,1,C.Wentz,MIN,12,23,116,3,0,5,-1,0,4.99,0.217,106.2
2026_01_GB_MIN,1,J.Love,GB,21,46,353,2,1,1,0,0,-2.7,-0.059,77.5
2026_01_GB_MIN,1,K.Murray,MIN,3,5,18,0,1,2,9,0,-4.47,-0.894,27.5
2026_01_MIA_LV,1,K.Cousins,LV,21,30,160,3,2,5,-6,0,0.39,0.013,88.2
2026_01_MIA_LV,1,M.Willis,MIA,15,32,185,0,1,6,39,1,-5.49,-0.172,52.2
2026_01_NE_SEA,1,D.Lock,SEA,16,23,180,1,0,2,13,0,6.44,0.28,107.2
2026_01_NE_SEA,1,D.Maye,NE,23,36,168,1,3,7,47,0,-4.62,-0.128,49.3
2026_01_NE_SEA,1,S.Darnold,SEA,1,3,8,0,0,0,0,0,-2.08,-0.692,42.4
2026_01_NO_DET,1,J.Goff,DET,26,40,204,2,0,2,2,0,5.85,0.146,94.2
2026_01_NO_DET,1,T.Shough,NO,35,62,378,3,2,4,8,0,-1.01,-0.016,77.2
2026_01_NYJ_TEN,1,C.Ward,TEN,19,35,127,1,0,4,21,0,-7.35,-0.21,72.0
2026_01_NYJ_TEN,1,G.Smith,NYJ,19,24,215,0,0,6,7,0,9.75,0.406,104.0
2026_01_SF_LA,1,B.Purdy,SF,25,34,205,3,1,5,29,0,4.83,0.142,105.6
2026_01_SF_LA,1,M.Stafford,LAR,15,25,155,0,1,2,-1,0,-5.61,-0.224,61.2
2026_01_SF_LA,1,S.Bennett,LAR,2,3,13,0,0,1,9,0,0.19,0.063,75.7
2026_01_TB_CIN,1,B.Mayfield,TB,23,32,193,0,0,5,30,1,-5.41,-0.169,87.1
2026_01_TB_CIN,1,J.Burrow,CIN,25,36,245,1,1,5,20,0,-2.63,-0.073,86.0
2026_01_WAS_PHI,1,J.Daniels,WSH,18,36,163,2,0,5,31,0,3.91,0.108,81.1
2026_01_WAS_PHI,1,J.Hurts,PHI,14,28,182,3,0,7,46,0,1.27,0.045,106.5
2026_02_CAR_ATL,2,B.Young,CAR,23,38,272,3,0,1,6,0,11.07,0.291,108.7
2026_02_CAR_ATL,2,C.Rush,ATL,10,18,83,0,2,2,20,0,-12.19,-0.677,28.0
2026_02_CAR_ATL,2,J.Strand,ATL,8,17,46,0,1,2,16,0,-12.86,-0.756,29.3
2026_02_CIN_HOU,2,C.Stroud,HOU,30,59,314,0,0,3,29,0,-6.36,-0.108,66.6
2026_02_CIN_HOU,2,J.Burrow,CIN,20,36,182,2,0,1,-1,0,-0.55,-0.015,88.0
2026_02_CIN_HOU,2,K.Kroeger,HOU,0,1,0,0,0,0,0,0,-3.3,-3.304,39.6
2026_02_CLE_TB,2,B.Mayfield,TB,21,37,176,1,1,4,29,0,-13.56,-0.367,66.9
2026_02_CLE_TB,2,D.Watson,CLE,24,32,223,2,0,7,22,0,10.37,0.324,114.5
2026_02_DET_BUF,2,J.Allen,BUF,20,33,243,3,0,14,69,2,15.05,0.456,113.6
2026_02_DET_BUF,2,J.Goff,DET,26,42,289,4,0,3,7,0,18.58,0.442,114.1
2026_02_GB_NYJ,2,G.Smith,NYJ,27,45,218,1,0,5,17,0,4.28,0.095,79.7
2026_02_GB_NYJ,2,J.Love,GB,16,32,136,2,0,0,0,0,-3.17,-0.099,82.3
2026_02_IND_KC,2,D.Jones,IND,22,31,210,1,1,3,10,0,5.89,0.19,86.8
2026_02_IND_KC,2,P.Mahomes,KC,32,49,371,3,0,2,17,0,13.42,0.274,108.5
2026_02_JAX_DEN,2,B.Nix,DEN,22,31,288,1,1,5,6,0,8.43,0.272,97.2
2026_02_JAX_DEN,2,T.Lawrence,JAX,17,31,173,0,1,2,6,0,-4.12,-0.133,57.6
2026_02_LV_LAC,2,J.Herbert,LAC,15,30,183,1,2,3,2,0,-0.56,-0.019,52.5
2026_02_LV_LAC,2,K.Cousins,LV,19,31,248,3,1,4,1,0,5.97,0.193,105.3
2026_02_MIA_SF,2,B.Purdy,SF,20,22,287,2,0,3,30,1,23.33,1.06,149.1
2026_02_MIA_SF,2,M.Willis,MIA,14,27,182,1,0,2,6,0,4.45,0.165,85.7
2026_02_MIN_CHI,2,C.Wentz,MIN,11,23,127,0,0,3,6,0,0.51,0.022,64.9
2026_02_MIN_CHI,2,C.Williams,CHI,15,29,118,0,1,5,42,0,-1.05,-0.036,47.8
2026_02_MIN_CHI,2,T.Bagent,CHI,5,10,45,0,0,0,0,0,-2.84,-0.284,62.5
2026_02_NO_BAL,2,L.Jackson,BAL,21,34,204,1,1,4,34,0,3.32,0.098,76.1
2026_02_NO_BAL,2,T.Shough,NO,27,37,233,1,0,9,23,1,10.93,0.295,98.1
2026_02_NYG_LA,2,J.Dart,NYG,3,5,20,0,0,0,0,0,-1.12,-0.223,68.8
2026_02_NYG_LA,2,J.Winston,NYG,11,29,110,0,1,2,1,0,-16.49,-0.569,35.1
2026_02_NYG_LA,2,M.Stafford,LAR,22,32,318,4,1,4,-1,0,18.63,0.582,127.3
2026_02_PHI_TEN,2,C.Ward,TEN,13,22,169,0,0,4,7,2,-0.1,-0.004,83.3
2026_02_PHI_TEN,2,J.Hurts,PHI,26,40,252,2,2,5,16,0,8.77,0.219,78.3
2026_02_PIT_NE,2,A.Rodgers,PIT,23,43,144,0,1,1,5,0,-21.41,-0.498,50.9
2026_02_PIT_NE,2,D.Maye,NE,14,25,191,0,1,4,17,0,-1.26,-0.051,63.9
2026_02_PIT_NE,2,M.Rudolph,PIT,0,1,0,0,0,1,3,0,-0.42,-0.418,39.6
2026_02_SEA_ARI,2,D.Lock,SEA,19,27,219,3,0,0,0,0,16.09,0.596,131.6
2026_02_SEA_ARI,2,J.Brissett,ARI,17,30,81,1,1,1,7,0,-8.08,-0.269,59.0
2026_02_WAS_DAL,2,A.Williams,WSH,0,1,0,0,0,0,0,0,-0.58,-0.582,39.6
2026_02_WAS_DAL,2,D.Brown,WSH,1,1,0,0,0,0,0,0,-0.46,-0.465,79.2
2026_02_WAS_DAL,2,D.Prescott,DAL,26,33,266,4,0,4,26,0,15.1,0.458,139.8
2026_02_WAS_DAL,2,J.Daniels,WSH,11,17,96,1,0,7,69,0,0.18,0.011,99.1
2026_02_WAS_DAL,2,M.Mariota,WSH,11,16,111,1,0,1,3,0,6.73,0.421,109.1
2026_03_ARI_SF,3,B.Purdy,SF,15,27,297,4,0,2,34,0,22.93,0.849,133.8
2026_03_ARI_SF,3,J.Brissett,ARI,38,54,272,2,0,4,4,1,10.07,0.187,94.1
2026_03_ATL_GB,3,J.Love,GB,28,54,311,2,1,1,0,0,3.57,0.066,73.9
2026_03_ATL_GB,3,M.Penix,ATL,18,26,258,1,1,2,-2,0,9.51,0.366,97.9
2026_03_BAL_DAL,3,D.Prescott,DAL,25,42,269,1,0,4,19,0,13.32,0.317,86.3
2026_03_BAL_DAL,3,L.Jackson,BAL,15,20,186,2,0,6,50,0,11.93,0.596,136.7
2026_03_CAR_CLE,3,B.Young,CAR,26,51,262,1,1,0,0,0,-5.91,-0.116,64.3
2026_03_CAR_CLE,3,D.Watson,CLE,16,33,129,2,0,11,45,0,2.54,0.077,79.0
2026_03_CAR_CLE,3,S.Sanders,CLE,1,1,0,0,0,0,0,0,-0.4,-0.404,79.2
2026_03_CIN_PIT,3,A.Rodgers,PIT,19,36,273,3,1,3,10,0,8.53,0.237,93.9
2026_03_CIN_PIT,3,J.Burrow,CIN,28,38,269,3,0,2,13,0,14.65,0.386,119.3
2026_03_HOU_IND,3,C.Stroud,HOU,16,30,153,1,0,2,10,0,-3.09,-0.103,78.9
2026_03_HOU_IND,3,D.Jones,IND,24,40,211,1,1,3,5,0,-6.87,-0.172,72.0
2026_03_KC_MIA,3,M.Willis,MIA,20,36,210,0,1,9,56,0,-4.05,-0.112,61.1
2026_03_KC_MIA,3,P.Mahomes,KC,20,24,246,2,1,1,1,0,12.92,0.538,119.8
2026_03_LAC_BUF,3,J.Allen,BUF,16,30,174,0,2,8,22,2,-0.42,-0.014,42.9
2026_03_LAC_BUF,3,J.Herbert,LAC,20,36,217,1,1,4,17,0,-6.37,-0.177,71.2
2026_03_LA_DEN,3,B.Nix,DEN,17,37,183,2,1,4,7,1,-1.07,-0.029,67.7
2026_03_LA_DEN,3,M.Stafford,LAR,30,59,366,2,2,2,13,0,-0.69,-0.012,67.5
2026_03_LV_NO,3,K.Cousins,LV,22,38,227,3,0,3,3,0,8.98,0.236,101.5
2026_03_LV_NO,3,T.Shough,NO,29,44,233,4,1,1,36,0,-3.63,-0.082,99.9
2026_03_MIN_TB,3,B.Mayfield,TB,17,40,186,1,1,2,6,0,-10.88,-0.272,54.8
2026_03_MIN_TB,3,J.Daniels,TB,0,3,0,0,1,1,9,0,-0.46,-0.152,0.0
2026_03_MIN_TB,3,K.Murray,MIN,15,32,152,1,1,2,17,0,-12.09,-0.378,58.3
2026_03_NE_JAX,3,D.Maye,NE,14,28,188,0,2,4,18,0,-14.17,-0.506,42.0
2026_03_NE_JAX,3,E.Chism,NE,1,1,16,0,0,0,0,0,0.79,0.793,118.8
2026_03_NE_JAX,3,T.DeVito,NE,3,5,30,0,0,1,2,0,-0.54,-0.107,77.1
2026_03_NE_JAX,3,T.Lawrence,JAX,19,30,178,3,1,4,25,0,7.56,0.252,99.0
2026_03_NYJ_DET,3,G.Smith,NYJ,31,44,279,3,0,2,12,0,10.88,0.247,109.9
2026_03_NYJ_DET,3,J.Goff,DET,25,34,250,2,0,4,6,0,12.14,0.357,113.6
2026_03_PHI_CHI,3,A.Dalton,PHI,0,1,0,0,1,0,0,0,-5.57,-5.569,0.0
2026_03_PHI_CHI,3,C.Keenum,CHI,24,34,247,2,0,4,6,1,7.25,0.213,110.8
2026_03_PHI_CHI,3,J.Hurts,PHI,16,27,141,0,1,4,25,1,-10.96,-0.406,57.8
2026_03_SEA_WAS,3,J.Smith-Njigba,SEA,1,1,14,0,0,0,0,0,0.93,0.925,118.8
2026_03_SEA_WAS,3,M.Mariota,WSH,19,33,176,3,0,5,11,0,3.85,0.117,102.6
2026_03_SEA_WAS,3,S.Darnold,SEA,31,45,379,4,2,1,5,0,4.08,0.091,105.7
2026_03_TEN_NYG,3,C.Ward,TEN,23,36,181,1,1,1,2,0,-6.49,-0.18,74.0
2026_03_TEN_NYG,3,J.Winston,NYG,14,25,100,0,0,2,14,0,-6.11,-0.245,65.4
2026_04_ARI_NYG,4,J.Brissett,ARI,21,37,147,2,3,4,18,0,-18.16,-0.491,50.2
2026_04_ARI_NYG,4,J.Winston,NYG,18,34,232,3,2,0,0,0,3.88,0.114,79.5
2026_04_ATL_NO,4,M.Penix,ATL,15,21,215,1,0,2,-2,0,10.65,0.507,120.1
2026_04_ATL_NO,4,T.Shough,NO,30,50,270,1,0,2,5,0,0.67,0.013,81.2
2026_04_DAL_HOU,4,C.Stroud,HOU,21,33,335,2,0,2,12,0,15.18,0.46,117.6
2026_04_DAL_HOU,4,D.Prescott,DAL,32,48,324,1,0,2,7,0,9.83,0.205,92.7
2026_04_DEN_SF,4,B.Nix,DEN,25,42,214,1,0,2,10,0,4.72,0.112,80.9
2026_04_DEN_SF,4,B.Purdy,SF,19,30,218,2,0,10,29,0,8.5,0.283,107.4
2026_04_DET_CAR,4,B.Young,CAR,29,44,318,2,0,3,3,0,20.53,0.466,102.3
2026_04_DET_CAR,4,J.Goff,DET,32,53,406,1,0,0,0,0,12.32,0.233,90.6
2026_04_GB_TB,4,J.Daniels,TB,19,30,134,1,2,8,55,0,-4.32,-0.144,56.8
2026_04_GB_TB,4,J.Love,GB,22,30,197,2,1,4,-8,0,6.91,0.23,98.9
2026_04_IND_WAS,4,A.Kaliakmanis,WSH,15,34,177,1,1,3,16,0,-10.2,-0.3,58.1
2026_04_IND_WAS,4,D.Jones,IND,19,36,129,0,1,4,2,1,-13.36,-0.371,49.4
2026_04_IND_WAS,4,M.Mariota,WSH,3,5,40,0,0,1,35,0,0.75,0.15,85.4
2026_04_JAX_CIN,4,J.Burrow,CIN,39,56,414,1,2,3,6,1,7.39,0.132,82.0
2026_04_JAX_CIN,4,T.Lawrence,JAX,18,28,212,1,0,3,0,0,9.28,0.332,99.1
2026_04_KC_LV,4,K.Cousins,LV,31,53,367,2,1,0,0,0,9.78,0.184,84.4
2026_04_KC_LV,4,P.Mahomes,KC,15,33,210,2,0,2,0,0,1.74,0.053,86.7
2026_04_LAC_SEA,4,J.Herbert,LAC,19,35,154,1,2,6,40,0,-8.03,-0.229,51.4
2026_04_LAC_SEA,4,S.Darnold,SEA,13,25,148,2,1,3,6,0,-5.18,-0.207,80.1
2026_04_LAC_SEA,4,T.Harris,LAC,0,1,0,0,0,0,0,0,-0.57,-0.567,39.6
2026_04_LA_PHI,4,J.Hurts,PHI,12,31,68,2,0,5,18,0,-8.15,-0.263,68.3
2026_04_LA_PHI,4,M.Stafford,LAR,32,52,309,0,2,3,10,0,1.1,0.021,62.1
2026_04_MIA_MIN,4,K.Murray,MIN,27,41,213,0,0,6,16,0,-0.66,-0.016,78.6
2026_04_MIA_MIN,4,M.Willis,MIA,9,19,77,0,0,2,11,0,-12.41,-0.653,58.4
2026_04_NE_BUF,4,D.Maye,NE,22,39,264,3,1,8,54,0,11.03,0.283,92.3
2026_04_NE_BUF,4,J.Allen,BUF,23,35,249,1,1,5,4,1,4.78,0.137,84.1
2026_04_NYJ_CHI,4,G.Smith,NYJ,8,18,98,1,0,0,0,0,-4.86,-0.27,80.3
2026_04_NYJ_CHI,4,T.Bagent,CHI,25,35,260,0,1,4,1,0,7.94,0.227,80.7
2026_04_PIT_CLE,4,A.Rodgers,PIT,22,46,269,3,2,1,2,0,2.42,0.053,69.9
2026_04_PIT_CLE,4,D.Watson,CLE,24,35,260,1,1,7,22,0,9.18,0.262,87.8
2026_04_TEN_BAL,4,C.Ward,TEN,20,33,214,1,1,4,27,0,0.42,0.013,77.1
2026_04_TEN_BAL,4,L.Jackson,BAL,15,22,209,2,0,2,20,0,11.75,0.534,128.8
2026_04_TEN_BAL,4,T.Huntley,BAL,8,9,63,0,0,4,16,0,0.25,0.028,95.8
2026_05_TB_DAL,5,D.Prescott,DAL,24,43,316,1,2,0,0,0,-3.29,-0.076,67.6
2026_05_TB_DAL,5,J.Daniels,TB,19,26,178,1,0,7,23,0,5.87,0.226,104.3
