Game ID,Date,Week,Team,Opponent,Player,Player ID,Position,Pass Completions,Pass Attempts,Pass Yards,Pass TD,Interceptions,Rush Attempts,Rush Yards,Rush TD,Receptions,Receiving Yards,Receiving TD,Targets,PPR Points
401872926,2026-09-13,1,ARI,LAC,Jacoby Brissett,2578570,,27,37,277,1,0,6,14,0,0,0,0,0,16.48
401872926,2026-09-13,1,ARI,LAC,Jeremiyah Love,4870808,,0,0,0,0,0,11,41,1,2,9,0,4,13.0
401872926,2026-09-13,1,ARI,LAC,Kendrick Bourne,3045523,,0,0,0,0,0,0,0,0,8,75,0,8,15.5
401872926,2026-09-13,1,ARI,LAC,Marvin Harrison Jr.,4432708,,0,0,0,0,0,0,0,0,1,33,0,3,4.3
401872926,2026-09-13,1,ARI,LAC,Michael Wilson,4360761,,0,0,0,0,0,0,0,0,5,56,0,7,10.6
401872926,2026-09-13,1,ARI,LAC,Trey McBride,4361307,,0,0,0,0,0,0,0,0,9,95,1,13,24.5
401872926,2026-09-13,1,ARI,LAC,Tyler Allgeier,4373626,,0,0,0,0,0,17,61,0,2,9,0,2,9.0
401872658,2026-09-13,1,ATL,PIT,Bijan Robinson,4430807,,0,0,0,0,0,21,83,0,8,90,1,10,31.3
401872658,2026-09-13,1,ATL,PIT,Brian Robinson Jr.,4241474,,0,0,0,0,0,9,31,0,0,0,0,0,3.1
401872658,2026-09-13,1,ATL,PIT,Cooper Rush,2972515,,12,22,143,1,2,0,0,0,0,0,0,0,5.72
401872658,2026-09-13,1,ATL,PIT,Drake London,4426502,,0,0,0,0,0,1,6,0,2,29,0,4,5.5
401872658,2026-09-13,1,ATL,PIT,Jahan Dotson,4361409,,0,0,0,0,0,0,0,0,1,19,0,3,2.9
401872658,2026-09-13,1,ATL,PIT,Kyle Pitts Sr.,4360248,,0,0,0,0,0,0,0,0,0,0,0,1,0.0
401872658,2026-09-13,1,ATL,PIT,Olamide Zaccheaus,3917914,,0,0,0,0,0,0,0,0,1,5,0,1,1.5
401872659,2026-09-13,1,BAL,IND,Chris Moore,2576581,,0,0,0,0,0,0,0,0,1,53,0,2,6.3
401872659,2026-09-13,1,BAL,IND,Derrick Henry,3043078,,0,0,0,0,0,24,144,3,1,19,0,1,35.3
401872659,2026-09-13,1,BAL,IND,Durham Smythe,3052897,,0,0,0,0,0,0,0,0,1,4,0,1,1.4
401872659,2026-09-13,1,BAL,IND,Ja'Kobi Lane,4870847,,0,0,0,0,0,0,0,0,1,11,0,3,2.1
401872659,2026-09-13,1,BAL,IND,Justice Hill,4038441,,0,0,0,0,0,6,18,0,1,10,0,1,3.8
401872659,2026-09-13,1,BAL,IND,LaJohntay Wester,4690143,,0,0,0,0,0,0,0,0,2,15,0,2,3.5
401872659,2026-09-13,1,BAL,IND,Lamar Jackson,3916387,,17,25,324,1,0,7,40,1,0,0,0,0,26.96
401872659,2026-09-13,1,BAL,IND,Mark Andrews,3116365,,0,0,0,0,0,0,0,0,4,49,0,6,8.9
401872659,2026-09-13,1,BAL,IND,Matthew Hibner,4432260,,0,0,0,0,0,0,0,0,1,13,0,1,2.3
401872659,2026-09-13,1,BAL,IND,Rashod Bateman,4360939,,0,0,0,0,0,0,0,0,0,0,0,1,0.0
401872659,2026-09-13,1,BAL,IND,Zay Flowers,4429615,,0,0,0,0,0,0,0,0,5,150,1,6,26.0
401872660,2026-09-13,1,BUF,HOU,DJ Moore,3915416,,0,0,0,0,0,0,0,0,5,100,1,8,21.0
401872660,2026-09-13,1,BUF,HOU,Dalton Kincaid,4385690,,0,0,0,0,0,0,0,0,5,130,0,6,18.0
401872660,2026-09-13,1,BUF,HOU,Dawson Knox,3930086,,0,0,0,0,0,0,0,0,1,7,0,1,1.7
401872660,2026-09-13,1,BUF,HOU,Frank Gore Jr.,4429805,,0,0,0,0,0,1,3,0,0,0,0,0,0.3
401872660,2026-09-13,1,BUF,HOU,James Cook III,4379399,,0,0,0,0,0,13,57,0,3,12,0,4,9.9
401872660,2026-09-13,1,BUF,HOU,Josh Allen,3918298,,20,29,334,2,0,6,23,2,0,0,0,0,35.66
401872660,2026-09-13,1,BUF,HOU,Joshua Palmer,4242433,,0,0,0,0,0,0,0,0,1,34,1,2,10.4
401872660,2026-09-13,1,BUF,HOU,Keon Coleman,4635008,,0,0,0,0,0,0,0,0,1,1,0,1,1.1
401872660,2026-09-13,1,BUF,HOU,Khalil Shakir,4373678,,0,0,0,0,0,0,0,0,4,50,0,6,9.0
401872660,2026-09-13,1,BUF,HOU,Ray Davis,4429501,,0,0,0,0,0,1,3,0,0,0,0,0,0.3
401872661,2026-09-13,1,CAR,CHI,AJ Dillon,4239934,,0,0,0,0,0,5,28,0,0,0,0,0,2.8
401872661,2026-09-13,1,CAR,CHI,Bryce Young,4685720,,23,37,361,3,1,2,10,1,0,0,0,0,31.44
401872661,2026-09-13,1,CAR,CHI,Chuba Hubbard,4241416,,0,0,0,0,0,10,49,1,3,38,1,3,23.7
401872661,2026-09-13,1,CAR,CHI,Darren Waller,2576925,,0,0,0,0,0,0,0,0,2,28,0,2,4.8
401872661,2026-09-13,1,CAR,CHI,Jalen Coker,4695883,,0,0,0,0,0,0,0,0,8,138,2,9,33.8
401872661,2026-09-13,1,CAR,CHI,Jimmy Horn Jr.,4708486,,0,0,0,0,0,0,0,0,0,0,0,1,0.0
401872661,2026-09-13,1,CAR,CHI,Jonathon Brooks,4678008,,0,0,0,0,0,4,14,0,1,48,0,2,7.2
401872661,2026-09-13,1,CAR,CHI,Kenny Pickett,4240703,,0,1,0,0,0,1,24,0,0,0,0,0,2.4
401872661,2026-09-13,1,CAR,CHI,Mitchell Evans,4683243,,0,0,0,0,0,0,0,0,1,9,0,2,1.9
401872661,2026-09-13,1,CAR,CHI,Tetairoa McMillan,4685472,,0,0,0,0,0,0,0,0,5,75,0,8,12.5
401872661,2026-09-13,1,CAR,CHI,Tommy Tremble,4372780,,0,0,0,0,0,0,0,0,3,25,0,5,5.5
401872661,2026-09-13,1,CAR,CHI,Xavier Legette,4430034,,0,0,0,0,0,0,0,0,0,0,0,2,0.0
401872661,2026-09-13,1,CHI,CAR,Caleb Williams,4431611,,21,29,269,2,0,10,65,2,0,0,0,0,37.26
401872661,2026-09-13,1,CHI,CAR,Cole Kmet,4258595,,0,0,0,0,0,0,0,0,2,35,1,3,11.5
401872661,2026-09-13,1,CHI,CAR,Colston Loveland,4723086,,0,0,0,0,0,0,0,0,0,0,0,2,0.0
401872661,2026-09-13,1,CHI,CAR,D'Andre Swift,4259545,,0,0,0,0,0,18,124,3,1,10,0,1,32.4
401872661,2026-09-13,1,CHI,CAR,Jahdae Walker,5160110,,0,0,0,0,0,0,0,0,1,1,1,1,7.1
401872661,2026-09-13,1,CHI,CAR,Kalif Raymond,2973405,,0,0,0,0,0,0,0,0,8,84,0,9,16.4
401872661,2026-09-13,1,CHI,CAR,Kyle Monangai,4608686,,0,0,0,0,0,10,100,1,2,24,0,2,20.4
401872661,2026-09-13,1,CHI,CAR,Luther Burden III,4685278,,0,0,0,0,0,1,2,0,5,63,0,5,11.5
401872661,2026-09-13,1,CHI,CAR,Rome Odunze,4431299,,0,0,0,0,0,0,0,0,2,52,0,3,7.2
401872925,2026-09-13,1,CIN,TB,Andrei Iosivas,4368003,,0,0,0,0,0,0,0,0,2,12,0,3,3.2
401872925,2026-09-13,1,CIN,TB,Chase Brown,4362238,,0,0,0,0,0,16,56,1,5,22,0,6,18.8
401872925,2026-09-13,1,CIN,TB,Dohnte Meyers,4384852,,0,0,0,0,0,1,10,0,1,18,0,1,3.8
401872925,2026-09-13,1,CIN,TB,Drew Sample,3127310,,0,0,0,0,0,0,0,0,3,19,0,3,4.9
401872925,2026-09-13,1,CIN,TB,Ja'Marr Chase,4362628,,0,0,0,0,0,0,0,0,2,12,0,4,3.2
401872925,2026-09-13,1,CIN,TB,Joe Burrow,3915511,,25,35,254,1,1,5,20,0,0,0,0,0,14.16
401872925,2026-09-13,1,CIN,TB,Mike Gesicki,3116164,,0,0,0,0,0,0,0,0,5,78,1,7,18.8
401872925,2026-09-13,1,CIN,TB,Samaje Perine,3116389,,0,0,0,0,0,5,20,0,3,30,0,3,8.0
401872925,2026-09-13,1,CIN,TB,Tanner Hudson,3050481,,0,0,0,0,0,0,0,0,1,4,0,1,1.4
401872925,2026-09-13,1,CIN,TB,Tee Higgins,4239993,,0,0,0,0,0,0,0,0,3,59,0,6,8.9
401872922,2026-09-13,1,CLE,JAX,Blake Whiteheart,4362018,,0,0,0,0,0,0,0,0,1,14,0,1,2.4
401872922,2026-09-13,1,CLE,JAX,Denzel Boston,4832800,,0,0,0,0,0,0,0,0,2,59,1,4,13.9
401872922,2026-09-13,1,CLE,JAX,Deshaun Watson,3122840,,16,22,205,1,1,6,38,0,0,0,0,0,14.0
401872922,2026-09-13,1,CLE,JAX,Harold Fannin Jr.,5083076,,0,0,0,0,0,0,0,0,2,21,0,3,4.1
401872922,2026-09-13,1,CLE,JAX,Jerry Jeudy,4241463,,0,0,0,0,0,0,0,0,2,26,0,4,4.6
401872922,2026-09-13,1,CLE,JAX,KC Concepcion,4870653,,0,0,0,0,0,3,15,0,4,43,0,5,9.8
401872922,2026-09-13,1,CLE,JAX,Quinshon Judkins,4685702,,0,0,0,0,0,12,33,0,2,17,0,2,7.0
401872922,2026-09-13,1,CLE,JAX,Raheim Sanders,4601080,,0,0,0,0,0,1,1,0,3,25,0,3,5.6
401872930,2026-09-14,1,DAL,NYG,Brevyn Spann-Ford,4360967,,0,0,0,0,0,0,0,0,2,14,0,2,3.4
401872930,2026-09-14,1,DAL,NYG,CeeDee Lamb,4241389,,0,0,0,0,0,1,0,0,5,44,1,8,15.4
401872930,2026-09-14,1,DAL,NYG,Dak Prescott,2577417,,22,34,175,2,1,2,14,0,0,0,0,0,14.4
401872930,2026-09-14,1,DAL,NYG,Emari Demercado,4362478,,0,0,0,0,0,2,7,0,0,0,0,0,0.7
401872930,2026-09-14,1,DAL,NYG,George Pickens,4426354,,0,0,0,0,0,0,0,0,3,28,0,6,5.8
401872930,2026-09-14,1,DAL,NYG,Hunter Luepke,4383396,,0,0,0,0,0,1,7,0,0,0,0,0,0.7
401872930,2026-09-14,1,DAL,NYG,Jake Ferguson,4242355,,0,0,0,0,0,0,0,0,2,6,0,2,2.6
401872930,2026-09-14,1,DAL,NYG,Javonte Williams,4361579,,0,0,0,0,0,12,41,1,5,31,1,5,24.2
401872930,2026-09-14,1,DAL,NYG,Jonathan Mingo,4426485,,0,0,0,0,0,0,0,0,1,10,0,1,2.0
401872930,2026-09-14,1,DAL,NYG,KaVontae Turpin,3676833,,0,0,0,0,0,0,0,0,1,8,0,1,1.8
401872930,2026-09-14,1,DAL,NYG,Luke Schoonmaker,4372096,,0,0,0,0,0,0,0,0,1,12,0,1,2.2
401872930,2026-09-14,1,DAL,NYG,Ryan Flournoy,5083754,,0,0,0,0,0,0,0,0,2,22,0,4,4.2
401872931,2026-09-15,1,DEN,KC,Adam Trautman,3911853,,0,0,0,0,0,0,0,0,2,10,0,3,3.0
401872931,2026-09-15,1,DEN,KC,Bo Nix,4426338,,17,28,131,1,1,3,2,0,0,0,0,0,7.44
401872931,2026-09-15,1,DEN,KC,Courtland Sutton,3128429,,0,0,0,0,0,0,0,0,2,11,0,5,3.1
401872931,2026-09-15,1,DEN,KC,Evan Engram,3051876,,0,0,0,0,0,0,0,0,4,43,1,5,14.3
401872931,2026-09-15,1,DEN,KC,J.K. Dobbins,4241985,,0,0,0,0,0,8,36,0,0,0,0,0,3.6
401872931,2026-09-15,1,DEN,KC,Jaylen Waddle,4372016,,0,0,0,0,0,0,0,0,1,2,0,3,1.2
401872931,2026-09-15,1,DEN,KC,Pat Bryant,4600981,,0,0,0,0,0,0,0,0,4,42,0,6,8.2
401872931,2026-09-15,1,DEN,KC,RJ Harvey,4568490,,0,0,0,0,0,3,18,0,4,23,0,4,8.1
401872931,2026-09-15,1,DEN,KC,Troy Franklin,4431280,,0,0,0,0,0,1,5,0,0,0,0,1,0.5
401872923,2026-09-13,1,DET,NO,Amon-Ra St. Brown,4374302,,0,0,0,0,0,0,0,0,10,67,2,14,28.7
401872923,2026-09-13,1,DET,NO,Brock Wright,4242392,,0,0,0,0,0,0,0,0,1,5,0,1,1.5
401872923,2026-09-13,1,DET,NO,Isaac TeSlaa,5123663,,0,0,0,0,0,0,0,0,0,0,0,1,0.0
401872923,2026-09-13,1,DET,NO,Jahmyr Gibbs,4429795,,0,0,0,0,0,29,156,2,5,30,0,5,35.6
401872923,2026-09-13,1,DET,NO,Jameson Williams,4426388,,0,0,0,0,0,0,0,0,4,45,0,9,8.5
401872923,2026-09-13,1,DET,NO,Jared Goff,3046779,,26,39,206,2,0,2,2,0,0,0,0,0,16.44
401872923,2026-09-13,1,DET,NO,Sam LaPorta,4430027,,0,0,0,0,0,0,0,0,5,48,0,8,9.8
401872923,2026-09-13,1,DET,NO,Sione Vaki,4912274,,0,0,0,0,0,2,7,0,1,11,0,1,2.8
401872927,2026-09-13,1,GB,MIN,Bo Melton,4259305,,0,0,0,0,0,0,0,0,1,10,0,1,2.0
401872927,2026-09-13,1,GB,MIN,Chris Brooks,3149687,,0,0,0,0,0,7,29,0,0,0,0,1,2.9
401872927,2026-09-13,1,GB,MIN,Christian Watson,4248528,,0,0,0,0,0,0,0,0,6,147,2,8,32.7
401872927,2026-09-13,1,GB,MIN,Jayden Reed,4362249,,0,0,0,0,0,0,0,0,3,20,0,7,5.0
401872927,2026-09-13,1,GB,MIN,Jonnu Smith,3054212,,0,0,0,0,0,0,0,0,2,50,0,3,7.0
401872927,2026-09-13,1,GB,MIN,Jordan Love,4036378,,21,42,387,2,1,1,0,0,0,0,0,0,21.48
401872927,2026-09-13,1,GB,MIN,MarShawn Lloyd,4429023,,0,0,0,0,0,13,37,0,0,0,0,1,3.7
401872927,2026-09-13,1,GB,MIN,Matthew Golden,4701936,,0,0,0,0,0,0,0,0,6,95,0,12,15.5
401872927,2026-09-13,1,GB,MIN,Skyy Moore,4430191,,0,0,0,0,0,0,0,0,0,0,0,1,0.0
401872927,2026-09-13,1,GB,MIN,Tucker Kraft,4572680,,0,0,0,0,0,0,0,0,3,65,0,6,9.5
401872660,2026-09-13,1,HOU,BUF,C.J. Stroud,4432577,,26,38,274,2,0,2,15,0,0,0,0,0,20.46
401872660,2026-09-13,1,HOU,BUF,Cade Stover,4426496,,0,0,0,0,0,0,0,0,1,-2,0,1,0.8
401872660,2026-09-13,1,HOU,BUF,Dalton Schultz,3117256,,0,0,0,0,0,0,0,0,4,35,0,8,7.5
401872660,2026-09-13,1,HOU,BUF,David Montgomery,4035538,,0,0,0,0,0,20,60,2,3,19,1,3,28.9
401872660,2026-09-13,1,HOU,BUF,Foster Moreau,3843945,,0,0,0,0,0,0,0,0,2,15,0,2,3.5
401872660,2026-09-13,1,HOU,BUF,Jared Wayne,4430681,,0,0,0,0,0,0,0,0,1,12,0,1,2.2
401872660,2026-09-13,1,HOU,BUF,Jaylin Noel,4586312,,0,0,0,0,0,0,0,0,2,53,0,2,7.3
401872660,2026-09-13,1,HOU,BUF,Kayshon Boutte,4429022,,0,0,0,0,0,0,0,0,1,21,0,2,3.1
401872660,2026-09-13,1,HOU,BUF,Marlin Klein,4695705,,0,0,0,0,0,0,0,0,1,16,0,1,2.6
401872660,2026-09-13,1,HOU,BUF,Nico Collins,4258173,,0,0,0,0,0,1,7,0,7,75,1,10,21.2
401872660,2026-09-13,1,HOU,BUF,Woody Marks,4429059,,0,0,0,0,0,9,42,0,1,-2,0,1,5.0
401872660,2026-09-13,1,HOU,BUF,Xavier Hutchinson,4686422,,0,0,0,0,0,0,0,0,3,32,0,6,6.2
401872659,2026-09-13,1,IND,BAL,Alec Pierce,4360078,,0,0,0,0,0,0,0,0,4,61,0,6,10.1
401872659,2026-09-13,1,IND,BAL,Ashton Dulin,4061956,,0,0,0,0,0,0,0,0,0,0,0,1,0.0
401872659,2026-09-13,1,IND,BAL,Daniel Jones,3917792,,19,31,166,1,1,1,4,0,0,0,0,0,9.04
401872659,2026-09-13,1,IND,BAL,Drew Ogletree,4722908,,0,0,0,0,0,0,0,0,0,0,0,1,0.0
401872659,2026-09-13,1,IND,BAL,Jonathan Taylor,4242335,,0,0,0,0,0,19,98,2,3,23,0,4,27.1
401872659,2026-09-13,1,IND,BAL,Josh Downs,4688813,,0,0,0,0,0,0,0,0,2,37,0,4,5.7
401872659,2026-09-13,1,IND,BAL,Keenan Allen,15818,,0,0,0,0,0,0,0,0,6,32,0,6,9.2
401872659,2026-09-13,1,IND,BAL,Laquon Treadwell,3051889,,0,0,0,0,0,0,0,0,0,0,0,1,0.0
401872659,2026-09-13,1,IND,BAL,Seth McGowan,4686468,,0,0,0,0,0,0,0,0,1,0,0,1,1.0
401872659,2026-09-13,1,IND,BAL,Tyler Warren,4431459,,0,0,0,0,0,0,0,0,3,13,1,5,10.3
401872922,2026-09-13,1,JAX,CLE,Ameer Abdullah,2576336,,0,0,0,0,0,4,32,0,1,0,0,1,4.2
401872922,2026-09-13,1,JAX,CLE,Bhayshul Tuten,4882093,,0,0,0,0,0,15,66,0,1,22,0,1,9.8
401872922,2026-09-13,1,JAX,CLE,Brenton Strange,4430539,,0,0,0,0,0,0,0,0,2,23,1,3,10.3
401872922,2026-09-13,1,JAX,CLE,Brian Thomas Jr.,4432773,,0,0,0,0,0,0,0,0,3,40,0,3,7.0
401872922,2026-09-13,1,JAX,CLE,Chris Rodriguez Jr.,4362619,,0,0,0,0,0,6,23,0,0,0,0,0,2.3
401872922,2026-09-13,1,JAX,CLE,Jakobi Meyers,3916433,,0,0,0,0,0,1,2,0,2,40,1,2,12.2
401872922,2026-09-13,1,JAX,CLE,Josh Cameron,4879194,,0,0,0,0,0,0,0,0,2,20,1,2,10.0
401872922,2026-09-13,1,JAX,CLE,Nate Boerkircher,4686248,,0,0,0,0,0,0,0,0,1,9,0,1,1.9
401872922,2026-09-13,1,JAX,CLE,Nick Mullens,3059989,,0,0,0,0,0,3,-3,0,0,0,0,0,-0.3
401872922,2026-09-13,1,JAX,CLE,Parker Washington,4432620,,0,0,0,0,0,0,0,0,5,83,1,6,19.3
401872922,2026-09-13,1,JAX,CLE,Quintin Morris,4244049,,0,0,0,0,0,0,0,0,0,0,0,1,0.0
401872922,2026-09-13,1,JAX,CLE,Travis Hunter,4685415,,0,0,0,0,0,1,3,0,1,8,0,1,2.1
401872922,2026-09-13,1,JAX,CLE,Trevor Lawrence,4360310,,18,23,245,4,0,2,3,0,0,0,0,0,26.1
401872931,2026-09-15,1,KC,DEN,Cyrus Allen,4912218,,0,0,0,0,0,0,0,0,0,0,0,1,0.0
401872931,2026-09-15,1,KC,DEN,Emmett Johnson,4832955,,0,0,0,0,0,8,24,0,2,44,0,2,8.8
401872931,2026-09-15,1,KC,DEN,Jake Briningstool,4431196,,0,0,0,0,0,0,0,0,1,9,0,1,1.9
401872931,2026-09-15,1,KC,DEN,Kenneth Walker III,4567048,,0,0,0,0,0,23,173,1,3,18,1,6,34.1
401872931,2026-09-15,1,KC,DEN,Noah Gray,4240472,,0,0,0,0,0,0,0,0,1,5,0,1,1.5
401872931,2026-09-15,1,KC,DEN,Patrick Mahomes,3139477,,15,27,184,2,1,7,23,1,0,0,0,0,21.66
401872931,2026-09-15,1,KC,DEN,Rashee Rice,4428331,,0,0,0,0,0,0,0,0,2,19,1,2,9.9
401872931,2026-09-15,1,KC,DEN,Travis Kelce,15847,,0,0,0,0,0,0,0,0,3,71,0,5,10.1
401872931,2026-09-15,1,KC,DEN,Tyquan Thornton,4362921,,0,0,0,0,0,0,0,0,0,0,0,1,0.0
401872931,2026-09-15,1,KC,DEN,Xavier Worthy,4683062,,0,0,0,0,0,0,0,0,3,18,0,6,4.8
401872926,2026-09-13,1,LAC,ARI,David Njoku,3123076,,0,0,0,0,0,0,0,0,5,58,0,5,10.8
401872926,2026-09-13,1,LAC,ARI,Derius Davis,4362477,,0,0,0,0,0,0,0,0,0,0,0,1,0.0
401872926,2026-09-13,1,LAC,ARI,Justin Herbert,4038941,,17,27,209,1,1,5,29,0,0,0,0,0,13.26
401872926,2026-09-13,1,LAC,ARI,Keaton Mitchell,4596334,,0,0,0,0,0,4,9,0,0,0,0,0,0.9
401872926,2026-09-13,1,LAC,ARI,Ladd McConkey,4612826,,0,0,0,0,0,0,0,0,5,82,1,7,19.2
401872926,2026-09-13,1,LAC,ARI,Omarion Hampton,4685382,,0,0,0,0,0,12,43,1,0,0,0,0,10.3
401872926,2026-09-13,1,LAC,ARI,Oronde Gadsden,4595342,,0,0,0,0,0,0,0,0,2,32,0,2,5.2
401872926,2026-09-13,1,LAC,ARI,Quentin Johnston,4429025,,0,0,0,0,0,0,0,0,2,17,0,6,3.7
401872926,2026-09-13,1,LAC,ARI,Tre' Harris,4686612,,0,0,0,0,0,0,0,0,3,20,0,6,5.0
401872657,2026-09-11,1,LAR,SF,Blake Corum,4429096,,0,0,0,0,0,10,54,0,0,0,0,0,5.4
401872657,2026-09-11,1,LAR,SF,Colby Parkinson,4242557,,0,0,0,0,0,0,0,0,1,6,0,2,1.6
401872657,2026-09-11,1,LAR,SF,Davante Adams,16800,,0,0,0,0,0,0,0,0,3,26,0,6,5.6
401872657,2026-09-11,1,LAR,SF,Davis Allen,4426553,,0,0,0,0,0,0,0,0,1,13,0,1,2.3
401872657,2026-09-11,1,LAR,SF,Jordan Whittington,4569382,,0,0,0,0,0,0,0,0,1,8,0,1,1.8
401872657,2026-09-11,1,LAR,SF,Konata Mumpfield,4710855,,0,0,0,0,0,0,0,0,0,0,0,1,0.0
401872657,2026-09-11,1,LAR,SF,Kyren Williams,4430737,,0,0,0,0,0,11,41,1,3,24,0,3,15.5
401872657,2026-09-11,1,LAR,SF,Matthew Stafford,12483,,15,25,155,0,1,2,-1,0,0,0,0,0,4.1
401872657,2026-09-11,1,LAR,SF,Puka Nacua,4426515,,0,0,0,0,0,0,0,0,5,74,0,9,12.4
401872657,2026-09-11,1,LAR,SF,Ronnie Rivers,4243003,,0,0,0,0,0,5,19,0,1,5,0,1,3.4
401872657,2026-09-11,1,LAR,SF,Stetson Bennett IV,4259553,,2,3,13,0,0,1,9,0,0,0,0,0,1.42
401872657,2026-09-11,1,LAR,SF,Terrance Ferguson,4570037,,0,0,0,0,0,0,0,0,0,0,0,1,0.0
401872657,2026-09-11,1,LAR,SF,Tyler Higbee,2573401,,0,0,0,0,0,0,0,0,2,12,0,2,3.2
401872928,2026-09-13,1,LV,MIA,Ashton Jeanty,4890973,,0,0,0,0,0,23,102,0,6,45,2,6,32.7
401872928,2026-09-13,1,LV,MIA,Cody White,4241983,,0,0,0,0,0,0,0,0,0,0,0,1,0.0
401872928,2026-09-13,1,LV,MIA,Connor Heyward,4241961,,0,0,0,0,0,1,1,0,0,0,0,0,0.1
401872928,2026-09-13,1,LV,MIA,Jack Bech,4603186,,0,0,0,0,0,0,0,0,3,23,1,4,11.3
401872928,2026-09-13,1,LV,MIA,Jalen Nailor,4382466,,0,0,0,0,0,0,0,0,3,27,0,5,5.7
401872928,2026-09-13,1,LV,MIA,Kirk Cousins,14880,,21,30,160,3,2,5,-6,0,0,0,0,0,13.8
401872928,2026-09-13,1,LV,MIA,Malik Benson,5150247,,0,0,0,0,0,1,-8,0,1,6,0,2,0.8
401872928,2026-09-13,1,LV,MIA,Michael Mayer,4429086,,0,0,0,0,0,0,0,0,6,32,0,7,9.2
401872928,2026-09-13,1,LV,MIA,Mike Washington Jr.,4686658,,0,0,0,0,0,7,41,0,0,0,0,0,4.1
401872928,2026-09-13,1,LV,MIA,Tre Tucker,4428718,,0,0,0,0,0,0,0,0,2,27,0,4,4.7
401872928,2026-09-13,1,MIA,LV,Caleb Douglas,4869645,,0,0,0,0,0,0,0,0,5,94,0,7,14.4
401872928,2026-09-13,1,MIA,LV,Chris Bell,4869961,,0,0,0,0,0,0,0,0,1,25,0,2,3.5
401872928,2026-09-13,1,MIA,LV,De'Von Achane,4429160,,0,0,0,0,0,11,36,0,4,30,0,5,10.6
401872928,2026-09-13,1,MIA,LV,Greg Dulcich,4367209,,0,0,0,0,0,0,0,0,2,18,0,2,3.8
401872928,2026-09-13,1,MIA,LV,Jaylen Wright,4682745,,0,0,0,0,0,1,-1,0,0,0,0,0,-0.1
401872928,2026-09-13,1,MIA,LV,Kevin Coleman Jr.,4685307,,0,0,0,0,0,0,0,0,0,0,0,2,0.0
401872928,2026-09-13,1,MIA,LV,Malik Washington,4569603,,0,0,0,0,0,0,0,0,3,53,0,8,8.3
401872928,2026-09-13,1,MIA,LV,Malik Willis,4242512,,15,27,220,0,1,6,39,1,0,0,0,0,16.7
401872928,2026-09-13,1,MIA,LV,Will Kacmarek,4880236,,0,0,0,0,0,0,0,0,0,0,0,1,0.0
401872927,2026-09-13,1,MIN,GB,Aaron Jones Sr.,3042519,,0,0,0,0,0,12,40,1,0,0,0,1,10.0
401872927,2026-09-13,1,MIN,GB,Carson Wentz,2573079,,12,19,133,3,0,5,-1,0,0,0,0,0,17.22
401872927,2026-09-13,1,MIN,GB,DeeJay Dallas,4240631,,0,0,0,0,0,0,0,0,1,1,0,1,1.1
401872927,2026-09-13,1,MIN,GB,Jauan Jennings,3886598,,0,0,0,0,0,0,0,0,0,0,0,1,0.0
401872927,2026-09-13,1,MIN,GB,Jordan Addison,4429205,,0,0,0,0,0,0,0,0,0,0,0,2,0.0
401872927,2026-09-13,1,MIN,GB,Jordan Mason,4360569,,0,0,0,0,0,15,59,1,0,0,0,0,11.9
401872927,2026-09-13,1,MIN,GB,Josh Oliver,3921690,,0,0,0,0,0,0,0,0,2,22,0,4,4.2
401872927,2026-09-13,1,MIN,GB,Justin Jefferson,4262921,,0,0,0,0,0,0,0,0,8,92,2,9,29.2
401872927,2026-09-13,1,MIN,GB,Kyler Murray,3917315,,3,5,18,0,1,2,9,0,0,0,0,0,-0.38
401872927,2026-09-13,1,MIN,GB,T.J. Hockenson,4036133,,0,0,0,0,0,0,0,0,4,36,1,5,13.6
401872656,2026-09-10,1,NE,SEA,A.J. Brown,4047646,,0,0,0,0,0,0,0,0,3,26,0,4,5.6
401872656,2026-09-10,1,NE,SEA,Corey Kiner,4431431,,0,0,0,0,0,6,11,0,0,0,0,0,1.1
401872656,2026-09-10,1,NE,SEA,DeMario Douglas,4427095,,0,0,0,0,0,0,0,0,5,20,0,7,7.0
401872656,2026-09-10,1,NE,SEA,Drake Maye,4431452,,23,33,178,1,3,7,47,0,0,0,0,0,9.82
401872656,2026-09-10,1,NE,SEA,Eli Raridon,4831959,,0,0,0,0,0,0,0,0,1,2,1,1,7.2
401872656,2026-09-10,1,NE,SEA,Hunter Henry,3046439,,0,0,0,0,0,0,0,0,3,26,0,3,5.6
401872656,2026-09-10,1,NE,SEA,Lan Larison,4698253,,0,0,0,0,0,0,0,0,2,9,0,2,2.9
401872656,2026-09-10,1,NE,SEA,Mack Hollins,2991662,,0,0,0,0,0,0,0,0,4,51,0,5,9.1
401872656,2026-09-10,1,NE,SEA,Rhamondre Stevenson,4569173,,0,0,0,0,0,18,51,0,5,44,0,6,14.5
401872656,2026-09-10,1,NE,SEA,Romeo Doubs,4361432,,0,0,0,0,0,0,0,0,0,0,0,3,0.0
401872923,2026-09-13,1,NO,DET,Barion Brown,4698597,,0,0,0,0,0,1,3,0,0,0,0,0,0.3
401872923,2026-09-13,1,NO,DET,Bryce Lance,4879276,,0,0,0,0,0,0,0,0,3,42,0,4,7.2
401872923,2026-09-13,1,NO,DET,CJ Donaldson,5081999,,0,0,0,0,0,2,4,0,1,-2,0,2,1.2
401872923,2026-09-13,1,NO,DET,Chris Olave,4361370,,0,0,0,0,0,0,0,0,10,182,0,13,28.2
401872923,2026-09-13,1,NO,DET,Devaughn Vele,4569559,,0,0,0,0,0,0,0,0,7,69,1,9,19.9
401872923,2026-09-13,1,NO,DET,Juwan Johnson,3929645,,0,0,0,0,0,0,0,0,3,54,1,7,14.4
401872923,2026-09-13,1,NO,DET,Kendre Miller,4599739,,0,0,0,0,0,9,30,1,0,0,0,0,9.0
401872923,2026-09-13,1,NO,DET,Noah Fant,4036131,,0,0,0,0,0,0,0,0,4,33,1,8,13.3
401872923,2026-09-13,1,NO,DET,Travis Etienne Jr.,4239996,,0,0,0,0,0,9,46,0,7,32,0,9,14.8
401872923,2026-09-13,1,NO,DET,Tyler Shough,4360689,,35,56,410,3,2,4,8,0,0,0,0,0,25.2
401872930,2026-09-14,1,NYG,DAL,Cam Skattebo,4696981,,0,0,0,0,0,18,81,1,0,0,0,0,14.1
401872930,2026-09-14,1,NYG,DAL,Darnell Mooney,4040655,,0,0,0,0,0,0,0,0,2,27,0,2,4.7
401872930,2026-09-14,1,NYG,DAL,Devin Singletary,4040761,,0,0,0,0,0,6,16,0,4,22,1,4,13.8
401872930,2026-09-14,1,NYG,DAL,Isaiah Likely,4361050,,0,0,0,0,0,0,0,0,8,78,2,8,27.8
401872930,2026-09-14,1,NYG,DAL,Jaxson Dart,4689114,,23,29,230,3,0,11,54,0,0,0,0,0,26.6
401872930,2026-09-14,1,NYG,DAL,Malachi Fields,4682648,,0,0,0,0,0,0,0,0,2,25,0,4,4.5
401872930,2026-09-14,1,NYG,DAL,Malik Nabers,4595348,,0,0,0,0,0,0,0,0,6,69,0,9,12.9
401872930,2026-09-14,1,NYG,DAL,Patrick Ricard,2975417,,0,0,0,0,0,0,0,0,0,0,0,1,0.0
401872930,2026-09-14,1,NYG,DAL,Theo Johnson,4429148,,0,0,0,0,0,0,0,0,1,9,0,1,1.9
401872930,2026-09-14,1,NYG,DAL,Tyrone Tracy Jr.,4360516,,0,0,0,0,0,2,14,0,0,0,0,0,1.4
401872924,2026-09-13,1,NYJ,TEN,Adonai Mitchell,4597500,,0,0,0,0,0,0,0,0,3,60,0,3,9.0
401872924,2026-09-13,1,NYJ,TEN,Arian Smith,4429105,,0,0,0,0,0,0,0,0,0,0,0,1,0.0
401872924,2026-09-13,1,NYJ,TEN,Braelon Allen,4685247,,0,0,0,0,0,10,40,0,0,0,0,1,4.0
401872924,2026-09-13,1,NYJ,TEN,Breece Hall,4427366,,0,0,0,0,0,22,102,1,2,16,0,2,19.8
401872924,2026-09-13,1,NYJ,TEN,Garrett Wilson,4569618,,0,0,0,0,0,0,0,0,6,79,0,7,13.9
401872924,2026-09-13,1,NYJ,TEN,Geno Smith,15864,,19,24,215,0,0,6,7,0,0,0,0,0,9.3
401872924,2026-09-13,1,NYJ,TEN,Isaiah Williams,4569371,,0,0,0,0,0,0,0,0,1,7,0,1,1.7
401872924,2026-09-13,1,NYJ,TEN,Jeremy Ruckert,4361372,,0,0,0,0,0,0,0,0,1,4,0,1,1.4
401872924,2026-09-13,1,NYJ,TEN,Kenyon Sadiq,5083315,,0,0,0,0,0,1,3,1,3,21,0,3,11.4
401872924,2026-09-13,1,NYJ,TEN,Mason Taylor,4808766,,0,0,0,0,0,0,0,0,2,-2,0,3,1.8
401872924,2026-09-13,1,NYJ,TEN,Omar Cooper Jr.,4723820,,0,0,0,0,0,0,0,0,1,30,0,1,4.0
401872929,2026-09-13,1,PHI,WSH,Dallas Goedert,3121023,,0,0,0,0,0,0,0,0,4,77,2,5,23.7
401872929,2026-09-13,1,PHI,WSH,DeVonta Smith,4241478,,0,0,0,0,0,0,0,0,3,53,0,6,8.3
401872929,2026-09-13,1,PHI,WSH,Dontayvion Wicks,4428850,,0,0,0,0,0,0,0,0,2,73,1,4,15.3
401872929,2026-09-13,1,PHI,WSH,Jalen Hurts,4040715,,14,25,203,3,0,7,46,0,0,0,0,0,24.72
401872929,2026-09-13,1,PHI,WSH,Makai Lemon,4870795,,0,0,0,0,0,0,0,0,3,-5,0,4,2.5
401872929,2026-09-13,1,PHI,WSH,Saquon Barkley,3929630,,0,0,0,0,0,15,83,0,1,-3,0,2,9.0
401872929,2026-09-13,1,PHI,WSH,Tank Bigsby,4429013,,0,0,0,0,0,1,3,0,0,0,0,0,0.3
401872929,2026-09-13,1,PHI,WSH,Will Shipley,4431545,,0,0,0,0,0,2,4,0,1,8,0,1,2.2
401872658,2026-09-13,1,PIT,ATL,Aaron Rodgers,8439,,24,40,221,1,0,3,-3,0,0,0,0,0,12.54
401872658,2026-09-13,1,PIT,ATL,Cameron Johnston,3051397,,0,1,0,0,0,0,0,0,0,0,0,0,0.0
401872658,2026-09-13,1,PIT,ATL,DK Metcalf,4047650,,0,0,0,0,0,0,0,0,4,40,0,10,8.0
401872658,2026-09-13,1,PIT,ATL,Darnell Washington,4430802,,0,0,0,0,0,0,0,0,2,18,0,2,3.8
401872658,2026-09-13,1,PIT,ATL,Jaylen Warren,4569987,,0,0,0,0,0,10,46,0,5,27,0,6,12.3
401872658,2026-09-13,1,PIT,ATL,Michael Pittman Jr.,4035687,,0,0,0,0,0,0,0,0,3,58,0,3,8.8
401872658,2026-09-13,1,PIT,ATL,Pat Freiermuth,4361411,,0,0,0,0,0,0,0,0,5,46,1,5,15.6
401872658,2026-09-13,1,PIT,ATL,Rico Dowdle,4038815,,0,0,0,0,0,8,15,0,2,6,0,5,4.1
401872658,2026-09-13,1,PIT,ATL,Roman Wilson,4431492,,0,0,0,0,0,0,0,0,3,26,0,6,5.6
401872656,2026-09-10,1,SEA,NE,AJ Barner,4576297,,0,0,0,0,0,0,0,0,2,13,0,2,3.3
401872656,2026-09-10,1,SEA,NE,Brady Russell,4243176,,0,0,0,0,0,0,0,0,2,20,0,2,4.0
401872656,2026-09-10,1,SEA,NE,Cooper Kupp,2977187,,0,0,0,0,0,0,0,0,2,35,0,3,5.5
401872656,2026-09-10,1,SEA,NE,Drew Lock,3924327,,16,22,187,1,0,2,13,0,0,0,0,0,12.78
401872656,2026-09-10,1,SEA,NE,Emanuel Wilson,4887558,,0,0,0,0,0,2,3,0,0,0,0,0,0.3
401872656,2026-09-10,1,SEA,NE,George Holani,4429835,,0,0,0,0,0,8,29,0,0,0,0,1,2.9
401872656,2026-09-10,1,SEA,NE,Jadarian Price,4685512,,0,0,0,0,0,10,52,0,2,6,0,2,7.8
401872656,2026-09-10,1,SEA,NE,Jaxon Smith-Njigba,4430878,,0,0,0,0,0,0,0,0,8,122,1,11,26.2
401872656,2026-09-10,1,SEA,NE,Rashid Shaheed,4032473,,0,0,0,0,0,0,0,0,1,4,0,3,1.4
401872656,2026-09-10,1,SEA,NE,Sam Darnold,3912547,,1,2,13,0,0,0,0,0,0,0,0,0,0.52
401872657,2026-09-11,1,SF,LAR,Brock Purdy,4361741,,25,34,205,3,1,5,29,0,0,0,0,0,21.1
401872657,2026-09-11,1,SF,LAR,Christian McCaffrey,3117251,,0,0,0,0,0,10,68,0,5,20,0,8,13.8
401872657,2026-09-11,1,SF,LAR,Deebo Samuel Sr.,3126486,,0,0,0,0,0,1,12,0,6,48,1,7,18.0
401872657,2026-09-11,1,SF,LAR,Demarcus Robinson,3043116,,0,0,0,0,0,0,0,0,2,50,1,3,13.0
401872657,2026-09-11,1,SF,LAR,George Kittle,3040151,,0,0,0,0,0,0,0,0,2,12,0,5,3.2
401872657,2026-09-11,1,SF,LAR,Jake Brendel,2577185,,0,0,0,0,0,0,0,0,1,2,0,1,1.2
401872657,2026-09-11,1,SF,LAR,Kaelon Black,4696044,,0,0,0,0,0,14,65,0,1,5,0,1,8.0
401872657,2026-09-11,1,SF,LAR,Luke Farrell,4040612,,0,0,0,0,0,0,0,0,2,19,0,2,3.9
401872657,2026-09-11,1,SF,LAR,Mike Evans,16737,,0,0,0,0,0,0,0,0,6,49,1,7,16.9
401872925,2026-09-13,1,TB,CIN,Baker Mayfield,3052587,,23,28,216,0,0,5,30,1,0,0,0,0,17.64
401872925,2026-09-13,1,TB,CIN,Bucky Irving,4596448,,0,0,0,0,0,8,45,1,7,48,0,7,22.3
401872925,2026-09-13,1,TB,CIN,Cade Otton,4243331,,0,0,0,0,0,0,0,0,3,26,0,5,5.6
401872925,2026-09-13,1,TB,CIN,Chris Godwin Jr.,3116165,,0,0,0,0,0,1,3,0,4,40,0,4,8.3
401872925,2026-09-13,1,TB,CIN,Emeka Egbuka,4567750,,0,0,0,0,0,0,0,0,5,63,0,6,11.3
401872925,2026-09-13,1,TB,CIN,Kenny Gainwell,4371733,,0,0,0,0,0,5,15,0,1,3,0,1,2.8
401872925,2026-09-13,1,TB,CIN,Ted Hurst III,5220680,,0,0,0,0,0,0,0,0,3,36,0,3,6.6
401872925,2026-09-13,1,TB,CIN,Tez Johnson,4608810,,0,0,0,0,0,1,-4,0,0,0,0,1,-0.4
401872924,2026-09-13,1,TEN,NYJ,Cam Ward,4688380,,19,32,140,1,0,4,21,0,0,0,0,0,11.7
401872924,2026-09-13,1,TEN,NYJ,Carnell Tate,4871023,,0,0,0,0,0,0,0,0,4,38,0,6,7.8
401872924,2026-09-13,1,TEN,NYJ,Chimere Dike,4431268,,0,0,0,0,0,0,0,0,1,7,0,1,1.7
401872924,2026-09-13,1,TEN,NYJ,Daniel Bellinger,4361516,,0,0,0,0,0,0,0,0,1,7,0,1,1.7
401872924,2026-09-13,1,TEN,NYJ,Elic Ayomanor,4883647,,0,0,0,0,0,0,0,0,1,11,1,3,8.1
401872924,2026-09-13,1,TEN,NYJ,Gunnar Helm,4686728,,0,0,0,0,0,0,0,0,4,28,0,5,6.8
401872924,2026-09-13,1,TEN,NYJ,Tony Pollard,3916148,,0,0,0,0,0,7,35,0,1,-1,0,2,4.4
401872924,2026-09-13,1,TEN,NYJ,Tyjae Spears,4428557,,0,0,0,0,0,3,12,0,2,12,0,4,4.4
401872924,2026-09-13,1,TEN,NYJ,Wan'Dale Robinson,4569587,,0,0,0,0,0,0,0,0,5,38,0,6,8.8
401872929,2026-09-13,1,WSH,PHI,Antonio Williams,5081432,,0,0,0,0,0,0,0,0,4,64,1,4,16.4
401872929,2026-09-13,1,WSH,PHI,Chig Okonkwo,4360635,,0,0,0,0,0,0,0,0,2,16,0,3,3.6
401872929,2026-09-13,1,WSH,PHI,Dyami Brown,4361577,,0,0,0,0,0,0,0,0,0,0,0,2,0.0
401872929,2026-09-13,1,WSH,PHI,Jacory Croskey-Merritt,4575131,,0,0,0,0,0,16,63,1,1,-7,0,1,12.6
401872929,2026-09-13,1,WSH,PHI,Jayden Daniels,4426348,,18,34,164,2,0,5,31,0,0,0,0,0,17.66
401872929,2026-09-13,1,WSH,PHI,Jaylin Lane,4602667,,0,0,0,0,0,0,0,0,1,4,0,1,1.4
401872929,2026-09-13,1,WSH,PHI,John Bates,4048228,,0,0,0,0,0,0,0,0,2,13,0,3,3.3
401872929,2026-09-13,1,WSH,PHI,Kaytron Allen,4685246,,0,0,0,0,0,4,16,0,0,0,0,0,1.6
401872929,2026-09-13,1,WSH,PHI,Rachaad White,4697815,,0,0,0,0,0,7,22,0,2,5,0,2,4.7
401872929,2026-09-13,1,WSH,PHI,Stefon Diggs,2976212,,0,0,0,0,0,0,0,0,4,55,1,9,15.5
401872929,2026-09-13,1,WSH,PHI,Terry McLaurin,3121422,,0,0,0,0,0,0,0,0,2,14,0,4,3.4
