Kind,Name,Team,Location,Length,Att,Comp,Yards,TD,INT,EPA,Air Yards
DEF,ARI,ARI,Left,Deep,6,3.0,102.0,0.0,0.0,4.46,152.0
DEF,ARI,ARI,Left,Short,33,22.0,263.0,1.0,0.0,9.24,185.0
DEF,ARI,ARI,Middle,Deep,4,3.0,66.0,1.0,0.0,6.83,91.0
DEF,ARI,ARI,Middle,Short,27,18.0,205.0,4.0,1.0,12.73,231.0
DEF,ARI,ARI,Right,Deep,12,5.0,198.0,3.0,2.0,13.31,328.0
DEF,ARI,ARI,Right,Short,27,18.0,157.0,2.0,0.0,2.45,139.0
DEF,ATL,ATL,Left,Deep,22,7.0,202.0,0.0,0.0,7.52,576.0
DEF,ATL,ATL,Left,Short,56,43.0,301.0,2.0,0.0,6.33,127.0
DEF,ATL,ATL,Middle,Deep,4,3.0,97.0,0.0,0.0,6.11,103.0
DEF,ATL,ATL,Middle,Short,18,11.0,98.0,2.0,1.0,2.08,72.0
DEF,ATL,ATL,Right,Deep,17,6.0,155.0,0.0,0.0,-0.7,443.0
DEF,ATL,ATL,Right,Short,61,35.0,253.0,3.0,0.0,-8.35,263.0
DEF,BAL,BAL,Left,Deep,8,4.0,124.0,0.0,0.0,7.06,215.0
DEF,BAL,BAL,Left,Short,47,35.0,270.0,0.0,0.0,3.79,186.0
DEF,BAL,BAL,Middle,Deep,6,4.0,95.0,1.0,0.0,6.85,128.0
DEF,BAL,BAL,Middle,Short,22,14.0,144.0,1.0,2.0,-6.55,133.0
DEF,BAL,BAL,Right,Deep,4,2.0,52.0,1.0,0.0,1.31,76.0
DEF,BAL,BAL,Right,Short,49,32.0,231.0,1.0,0.0,1.68,176.0
DEF,BUF,BUF,Left,Deep,12,5.0,109.0,0.0,0.0,6.75,231.0
DEF,BUF,BUF,Left,Short,46,28.0,249.0,2.0,1.0,2.31,211.0
DEF,BUF,BUF,Middle,Deep,6,1.0,27.0,1.0,1.0,-3.81,123.0
DEF,BUF,BUF,Middle,Short,24,20.0,217.0,3.0,0.0,17.04,138.0
DEF,BUF,BUF,Right,Deep,19,9.0,211.0,1.0,0.0,12.9,447.0
DEF,BUF,BUF,Right,Short,40,31.0,283.0,3.0,0.0,13.16,167.0
DEF,CAR,CAR,Left,Deep,5,4.0,131.0,1.0,0.0,9.41,138.0
DEF,CAR,CAR,Left,Short,41,24.0,189.0,1.0,0.0,5.01,143.0
DEF,CAR,CAR,Middle,Deep,6,1.0,18.0,0.0,0.0,-2.73,138.0
DEF,CAR,CAR,Middle,Short,31,25.0,272.0,0.0,1.0,3.36,218.0
DEF,CAR,CAR,Right,Deep,10,3.0,124.0,0.0,0.0,5.74,307.0
DEF,CAR,CAR,Right,Short,51,31.0,236.0,3.0,2.0,-3.73,200.0
DEF,CHI,CHI,Left,Deep,7,2.0,81.0,1.0,1.0,0.69,194.0
DEF,CHI,CHI,Left,Short,34,17.0,183.0,1.0,1.0,-2.37,117.0
DEF,CHI,CHI,Middle,Deep,4,2.0,79.0,1.0,0.0,-0.24,89.0
DEF,CHI,CHI,Middle,Short,16,11.0,139.0,0.0,1.0,1.95,79.0
DEF,CHI,CHI,Right,Deep,7,4.0,123.0,0.0,0.0,6.11,162.0
DEF,CHI,CHI,Right,Short,31,22.0,171.0,1.0,0.0,-4.12,130.0
DEF,CIN,CIN,Left,Deep,11,4.0,106.0,1.0,0.0,1.72,273.0
DEF,CIN,CIN,Left,Short,35,27.0,266.0,1.0,0.0,13.79,136.0
DEF,CIN,CIN,Middle,Deep,3,3.0,64.0,0.0,0.0,6.76,58.0
DEF,CIN,CIN,Middle,Short,31,19.0,273.0,1.0,1.0,7.22,264.0
DEF,CIN,CIN,Right,Deep,12,1.0,23.0,1.0,0.0,-4.05,323.0
DEF,CIN,CIN,Right,Short,46,36.0,356.0,0.0,0.0,6.11,121.0
DEF,CLE,CLE,Left,Deep,14,6.0,156.0,1.0,1.0,3.5,338.0
DEF,CLE,CLE,Left,Short,45,29.0,209.0,2.0,1.0,-3.22,172.0
DEF,CLE,CLE,Middle,Deep,10,4.0,139.0,1.0,0.0,4.18,290.0
DEF,CLE,CLE,Middle,Short,20,13.0,145.0,3.0,0.0,8.72,143.0
DEF,CLE,CLE,Right,Deep,14,5.0,127.0,1.0,2.0,1.06,425.0
DEF,CLE,CLE,Right,Short,41,30.0,241.0,1.0,0.0,8.2,162.0
DEF,DAL,DAL,Left,Deep,13,5.0,138.0,0.0,0.0,5.57,334.0
DEF,DAL,DAL,Left,Short,37,33.0,245.0,2.0,0.0,11.21,124.0
DEF,DAL,DAL,Middle,Deep,3,3.0,90.0,0.0,0.0,6.01,61.0
DEF,DAL,DAL,Middle,Short,22,18.0,199.0,2.0,0.0,18.67,140.0
DEF,DAL,DAL,Right,Deep,16,7.0,191.0,2.0,0.0,10.89,462.0
DEF,DAL,DAL,Right,Short,47,35.0,296.0,4.0,0.0,10.37,158.0
DEF,DEN,DEN,Left,Deep,15,3.0,68.0,0.0,1.0,-5.37,421.0
DEF,DEN,DEN,Left,Short,38,26.0,332.0,2.0,1.0,7.76,210.0
DEF,DEN,DEN,Middle,Deep,5,4.0,92.0,0.0,1.0,0.97,110.0
DEF,DEN,DEN,Middle,Short,17,10.0,108.0,1.0,0.0,3.27,38.0
DEF,DEN,DEN,Right,Deep,10,4.0,111.0,1.0,1.0,2.71,186.0
DEF,DEN,DEN,Right,Short,53,34.0,270.0,2.0,0.0,5.35,236.0
DEF,DET,DET,Left,Deep,6,3.0,84.0,0.0,0.0,4.98,143.0
DEF,DET,DET,Left,Short,49,35.0,224.0,1.0,1.0,-0.68,207.0
DEF,DET,DET,Middle,Deep,12,7.0,197.0,2.0,0.0,15.03,357.0
DEF,DET,DET,Middle,Short,21,16.0,183.0,2.0,1.0,9.36,146.0
DEF,DET,DET,Right,Deep,11,10.0,259.0,3.0,0.0,27.44,270.0
DEF,DET,DET,Right,Short,65,44.0,361.0,3.0,0.0,18.13,258.0
DEF,GB,GB,Left,Deep,9,3.0,123.0,1.0,1.0,5.11,234.0
DEF,GB,GB,Left,Short,37,26.0,189.0,2.0,1.0,4.82,111.0
DEF,GB,GB,Middle,Deep,2,2.0,32.0,1.0,0.0,5.52,32.0
DEF,GB,GB,Middle,Short,17,9.0,100.0,0.0,1.0,-0.92,115.0
DEF,GB,GB,Right,Deep,7,3.0,78.0,0.0,1.0,-0.72,159.0
DEF,GB,GB,Right,Short,44,36.0,280.0,2.0,0.0,8.54,40.0
DEF,HOU,HOU,Left,Deep,9,3.0,70.0,0.0,1.0,-0.67,204.0
DEF,HOU,HOU,Left,Short,34,26.0,162.0,0.0,0.0,1.1,54.0
DEF,HOU,HOU,Middle,Deep,7,6.0,160.0,1.0,0.0,13.71,200.0
DEF,HOU,HOU,Middle,Short,31,23.0,218.0,1.0,0.0,10.01,207.0
DEF,HOU,HOU,Right,Deep,10,8.0,237.0,3.0,0.0,22.58,243.0
DEF,HOU,HOU,Right,Short,50,30.0,264.0,1.0,0.0,-0.54,189.0
DEF,IND,IND,Left,Deep,10,3.0,149.0,1.0,0.0,7.76,280.0
DEF,IND,IND,Left,Short,34,25.0,235.0,1.0,0.0,6.52,102.0
DEF,IND,IND,Middle,Deep,4,2.0,36.0,0.0,0.0,2.14,80.0
DEF,IND,IND,Middle,Short,26,16.0,229.0,1.0,0.0,1.21,187.0
DEF,IND,IND,Right,Deep,16,7.0,203.0,0.0,0.0,8.67,509.0
DEF,IND,IND,Right,Short,45,30.0,253.0,3.0,1.0,2.17,122.0
DEF,JAX,JAX,Left,Deep,13,6.0,140.0,0.0,1.0,-0.5,293.0
DEF,JAX,JAX,Left,Short,38,30.0,271.0,0.0,2.0,-2.51,145.0
DEF,JAX,JAX,Middle,Deep,4,3.0,115.0,1.0,0.0,10.0,145.0
DEF,JAX,JAX,Middle,Short,18,12.0,124.0,1.0,1.0,-0.67,115.0
DEF,JAX,JAX,Right,Deep,17,9.0,223.0,0.0,0.0,11.18,407.0
DEF,JAX,JAX,Right,Short,48,35.0,293.0,1.0,2.0,-4.96,217.0
DEF,KC,KC,Left,Deep,14,4.0,93.0,2.0,0.0,-0.12,361.0
DEF,KC,KC,Left,Short,38,27.0,231.0,0.0,2.0,-4.43,96.0
DEF,KC,KC,Middle,Deep,9,3.0,113.0,0.0,1.0,-1.34,274.0
DEF,KC,KC,Middle,Short,30,23.0,216.0,1.0,0.0,10.29,142.0
DEF,KC,KC,Right,Deep,6,1.0,20.0,1.0,0.0,-0.47,118.0
DEF,KC,KC,Right,Short,47,32.0,243.0,0.0,1.0,-1.09,113.0
DEF,LAC,LAC,Left,Deep,9,3.0,115.0,1.0,2.0,-2.23,301.0
DEF,LAC,LAC,Left,Short,36,25.0,264.0,2.0,1.0,12.58,190.0
DEF,LAC,LAC,Middle,Deep,2,0.0,0.0,0.0,0.0,-1.4,46.0
DEF,LAC,LAC,Middle,Short,27,18.0,176.0,0.0,1.0,-7.36,146.0
DEF,LAC,LAC,Right,Deep,7,5.0,129.0,0.0,0.0,8.33,161.0
DEF,LAC,LAC,Right,Short,33,24.0,218.0,3.0,0.0,9.39,145.0
DEF,LAR,LAR,Left,Deep,7,2.0,60.0,0.0,0.0,-0.88,193.0
DEF,LAR,LAR,Left,Short,46,26.0,205.0,1.0,1.0,-11.4,194.0
DEF,LAR,LAR,Middle,Deep,4,1.0,39.0,1.0,1.0,-3.3,138.0
DEF,LAR,LAR,Middle,Short,21,11.0,77.0,1.0,0.0,3.09,54.0
DEF,LAR,LAR,Right,Deep,6,1.0,18.0,1.0,0.0,-3.2,180.0
DEF,LAR,LAR,Right,Short,43,27.0,216.0,3.0,1.0,-1.83,133.0
DEF,LV,LV,Left,Deep,11,5.0,185.0,0.0,1.0,8.93,245.0
DEF,LV,LV,Left,Short,41,24.0,217.0,4.0,2.0,5.33,210.0
DEF,LV,LV,Middle,Deep,10,4.0,125.0,0.0,1.0,-1.28,283.0
DEF,LV,LV,Middle,Short,10,6.0,55.0,0.0,0.0,-1.33,42.0
DEF,LV,LV,Right,Deep,13,3.0,69.0,0.0,0.0,-3.12,338.0
DEF,LV,LV,Right,Short,41,32.0,241.0,3.0,0.0,3.06,106.0
DEF,MIA,MIA,Left,Deep,9,5.0,110.0,0.0,1.0,5.08,184.0
DEF,MIA,MIA,Left,Short,32,28.0,204.0,2.0,0.0,9.23,121.0
DEF,MIA,MIA,Middle,Deep,8,4.0,135.0,0.0,2.0,-0.09,152.0
DEF,MIA,MIA,Middle,Short,24,18.0,174.0,3.0,0.0,10.89,102.0
DEF,MIA,MIA,Right,Deep,7,6.0,131.0,0.0,0.0,9.2,135.0
DEF,MIA,MIA,Right,Short,33,27.0,186.0,2.0,0.0,9.76,51.0
DEF,MIN,MIN,Left,Deep,8,3.0,79.0,0.0,0.0,1.58,193.0
DEF,MIN,MIN,Left,Short,36,24.0,218.0,0.0,0.0,0.52,147.0
DEF,MIN,MIN,Middle,Deep,9,4.0,181.0,2.0,1.0,8.92,183.0
DEF,MIN,MIN,Middle,Short,20,9.0,100.0,0.0,1.0,-10.0,163.0
DEF,MIN,MIN,Right,Deep,13,4.0,101.0,0.0,1.0,3.12,359.0
DEF,MIN,MIN,Right,Short,44,23.0,202.0,1.0,1.0,-4.48,164.0
DEF,NE,NE,Left,Deep,9,3.0,61.0,1.0,1.0,0.91,211.0
DEF,NE,NE,Left,Short,43,27.0,233.0,1.0,0.0,-0.11,140.0
DEF,NE,NE,Middle,Deep,5,3.0,106.0,1.0,0.0,5.12,133.0
DEF,NE,NE,Middle,Short,19,17.0,194.0,2.0,1.0,7.35,130.0
DEF,NE,NE,Right,Deep,2,1.0,24.0,0.0,0.0,2.02,45.0
DEF,NE,NE,Right,Short,47,31.0,204.0,0.0,1.0,-0.54,170.0
DEF,NO,NO,Left,Deep,9,4.0,107.0,0.0,1.0,4.89,257.0
DEF,NO,NO,Left,Short,42,34.0,294.0,3.0,0.0,17.13,144.0
DEF,NO,NO,Middle,Deep,5,3.0,90.0,2.0,0.0,7.14,128.0
DEF,NO,NO,Middle,Short,18,15.0,121.0,0.0,0.0,5.02,92.0
DEF,NO,NO,Right,Deep,7,3.0,65.0,1.0,0.0,2.08,145.0
DEF,NO,NO,Right,Short,41,25.0,235.0,1.0,0.0,2.46,165.0
DEF,NYG,NYG,Left,Deep,12,4.0,81.0,0.0,1.0,-0.88,300.0
DEF,NYG,NYG,Left,Short,48,31.0,278.0,5.0,3.0,-6.05,213.0
DEF,NYG,NYG,Middle,Short,15,11.0,110.0,3.0,0.0,8.6,79.0
DEF,NYG,NYG,Right,Deep,14,3.0,115.0,0.0,2.0,-3.28,364.0
DEF,NYG,NYG,Right,Short,46,39.0,265.0,1.0,0.0,10.44,146.0
DEF,NYJ,NYJ,Left,Deep,7,3.0,57.0,0.0,0.0,1.53,136.0
DEF,NYJ,NYJ,Left,Short,35,24.0,188.0,0.0,0.0,3.45,92.0
DEF,NYJ,NYJ,Middle,Deep,7,4.0,126.0,0.0,1.0,0.14,133.0
DEF,NYJ,NYJ,Middle,Short,28,22.0,198.0,1.0,0.0,12.43,169.0
DEF,NYJ,NYJ,Right,Deep,6,2.0,50.0,0.0,0.0,-0.55,161.0
DEF,NYJ,NYJ,Right,Short,44,30.0,203.0,4.0,0.0,3.41,121.0
DEF,PHI,PHI,Left,Deep,3,1.0,33.0,0.0,0.0,1.62,80.0
DEF,PHI,PHI,Left,Short,34,27.0,225.0,0.0,0.0,8.24,155.0
DEF,PHI,PHI,Middle,Deep,4,0.0,0.0,0.0,0.0,-2.57,105.0
DEF,PHI,PHI,Middle,Short,34,23.0,243.0,3.0,0.0,11.78,212.0
DEF,PHI,PHI,Right,Deep,15,6.0,168.0,0.0,2.0,-3.95,351.0
DEF,PHI,PHI,Right,Short,49,30.0,242.0,1.0,0.0,3.04,216.0
DEF,PIT,PIT,Left,Deep,9,6.0,180.0,0.0,1.0,7.61,194.0
DEF,PIT,PIT,Left,Short,42,34.0,266.0,0.0,0.0,2.81,119.0
DEF,PIT,PIT,Middle,Deep,4,2.0,42.0,1.0,2.0,-1.66,100.0
DEF,PIT,PIT,Middle,Short,22,14.0,144.0,0.0,0.0,2.71,100.0
DEF,PIT,PIT,Right,Deep,8,4.0,141.0,1.0,0.0,11.74,218.0
DEF,PIT,PIT,Right,Short,29,18.0,128.0,3.0,1.0,-4.62,52.0
DEF,SEA,SEA,Left,Deep,9,3.0,69.0,1.0,2.0,-6.63,210.0
DEF,SEA,SEA,Left,Short,42,34.0,232.0,2.0,0.0,12.1,131.0
DEF,SEA,SEA,Middle,Deep,2,1.0,19.0,0.0,1.0,-0.47,44.0
DEF,SEA,SEA,Middle,Short,17,10.0,72.0,3.0,1.0,-2.46,84.0
DEF,SEA,SEA,Right,Deep,9,2.0,70.0,0.0,1.0,-2.28,221.0
DEF,SEA,SEA,Right,Short,45,28.0,183.0,0.0,1.0,1.04,112.0
DEF,SF,SF,Left,Deep,7,1.0,23.0,0.0,0.0,-2.5,192.0
DEF,SF,SF,Left,Short,49,40.0,313.0,1.0,0.0,22.74,174.0
DEF,SF,SF,Middle,Deep,4,3.0,60.0,0.0,0.0,5.93,71.0
DEF,SF,SF,Middle,Short,12,7.0,42.0,0.0,0.0,-6.29,67.0
DEF,SF,SF,Right,Deep,15,5.0,183.0,1.0,1.0,1.98,318.0
DEF,SF,SF,Right,Short,57,38.0,238.0,2.0,0.0,-6.26,108.0
DEF,TB,TB,Left,Deep,16,5.0,129.0,2.0,1.0,-0.29,368.0
DEF,TB,TB,Left,Short,62,48.0,385.0,2.0,0.0,8.88,195.0
DEF,TB,TB,Middle,Deep,8,4.0,109.0,0.0,0.0,2.43,266.0
DEF,TB,TB,Middle,Short,24,14.0,187.0,1.0,3.0,-5.25,80.0
DEF,TB,TB,Right,Deep,5,1.0,25.0,0.0,0.0,-1.41,108.0
DEF,TB,TB,Right,Short,51,38.0,338.0,2.0,1.0,5.44,140.0
DEF,TEN,TEN,Left,Deep,6,4.0,96.0,0.0,1.0,5.8,134.0
DEF,TEN,TEN,Left,Short,34,27.0,228.0,0.0,0.0,6.88,139.0
DEF,TEN,TEN,Middle,Deep,1,1.0,27.0,0.0,0.0,3.59,21.0
DEF,TEN,TEN,Middle,Short,23,15.0,170.0,3.0,0.0,14.87,123.0
DEF,TEN,TEN,Right,Deep,12,7.0,201.0,1.0,0.0,12.66,294.0
DEF,TEN,TEN,Right,Short,36,28.0,160.0,0.0,1.0,-8.41,90.0
DEF,WSH,WSH,Left,Deep,3,1.0,16.0,0.0,0.0,0.88,65.0
DEF,WSH,WSH,Left,Short,46,28.0,202.0,3.0,1.0,-7.47,152.0
DEF,WSH,WSH,Middle,Deep,4,3.0,60.0,0.0,0.0,4.23,80.0
DEF,WSH,WSH,Middle,Short,21,19.0,224.0,4.0,1.0,10.55,146.0
DEF,WSH,WSH,Right,Deep,12,9.0,270.0,2.0,0.0,21.5,304.0
DEF,WSH,WSH,Right,Short,50,31.0,246.0,2.0,1.0,-6.16,140.0
OFF,ARI,ARI,Left,Deep,8,2.0,53.0,0.0,1.0,-3.84,214.0
OFF,ARI,ARI,Left,Short,45,33.0,209.0,3.0,2.0,-0.16,169.0
OFF,ARI,ARI,Middle,Deep,2,2.0,37.0,0.0,0.0,4.7,35.0
OFF,ARI,ARI,Middle,Short,24,15.0,118.0,1.0,0.0,0.22,117.0
OFF,ARI,ARI,Right,Deep,12,5.0,103.0,0.0,1.0,0.43,243.0
OFF,ARI,ARI,Right,Short,60,46.0,298.0,2.0,0.0,4.12,167.0
OFF,ATL,ATL,Left,Deep,7,4.0,124.0,0.0,0.0,8.67,139.0
OFF,ATL,ATL,Left,Short,37,30.0,270.0,1.0,0.0,17.14,56.0
OFF,ATL,ATL,Middle,Deep,3,2.0,68.0,1.0,1.0,0.6,67.0
OFF,ATL,ATL,Middle,Short,15,7.0,82.0,0.0,2.0,-10.42,75.0
OFF,ATL,ATL,Right,Deep,6,2.0,67.0,0.0,0.0,2.05,135.0
OFF,ATL,ATL,Right,Short,31,18.0,156.0,1.0,3.0,-22.46,43.0
OFF,BAL,BAL,Left,Deep,12,6.0,223.0,0.0,1.0,9.13,367.0
OFF,BAL,BAL,Left,Short,23,20.0,197.0,0.0,0.0,10.91,106.0
OFF,BAL,BAL,Middle,Deep,5,2.0,49.0,1.0,0.0,2.12,131.0
OFF,BAL,BAL,Middle,Short,29,25.0,309.0,4.0,0.0,22.52,191.0
OFF,BAL,BAL,Right,Deep,4,3.0,89.0,0.0,0.0,8.09,102.0
OFF,BAL,BAL,Right,Short,30,20.0,163.0,1.0,0.0,0.5,80.0
OFF,BUF,BUF,Left,Deep,11,3.0,62.0,0.0,2.0,-3.04,316.0
OFF,BUF,BUF,Left,Short,30,23.0,225.0,0.0,0.0,14.87,108.0
OFF,BUF,BUF,Middle,Deep,12,7.0,222.0,4.0,0.0,19.99,349.0
OFF,BUF,BUF,Middle,Short,17,13.0,135.0,0.0,1.0,-5.27,103.0
OFF,BUF,BUF,Right,Deep,6,5.0,175.0,1.0,0.0,15.03,165.0
OFF,BUF,BUF,Right,Short,43,28.0,220.0,1.0,0.0,2.53,123.0
OFF,CAR,CAR,Left,Deep,13,4.0,137.0,1.0,1.0,2.98,333.0
OFF,CAR,CAR,Left,Short,57,35.0,283.0,3.0,1.0,0.4,267.0
OFF,CAR,CAR,Middle,Deep,8,4.0,117.0,0.0,0.0,1.32,229.0
OFF,CAR,CAR,Middle,Short,23,19.0,255.0,1.0,0.0,18.31,148.0
OFF,CAR,CAR,Right,Deep,10,7.0,193.0,1.0,0.0,15.85,225.0
OFF,CAR,CAR,Right,Short,51,32.0,283.0,3.0,0.0,13.36,260.0
OFF,CHI,CHI,Left,Deep,6,4.0,94.0,1.0,0.0,5.79,123.0
OFF,CHI,CHI,Left,Short,33,21.0,203.0,0.0,0.0,2.69,119.0
OFF,CHI,CHI,Middle,Deep,6,3.0,75.0,0.0,2.0,-3.95,118.0
OFF,CHI,CHI,Middle,Short,36,28.0,301.0,2.0,0.0,21.82,226.0
OFF,CHI,CHI,Right,Deep,9,4.0,112.0,0.0,0.0,5.32,233.0
OFF,CHI,CHI,Right,Short,41,30.0,191.0,1.0,0.0,1.52,113.0
OFF,CIN,CIN,Left,Deep,5,3.0,59.0,0.0,0.0,4.39,95.0
OFF,CIN,CIN,Left,Short,45,32.0,203.0,1.0,0.0,2.6,146.0
OFF,CIN,CIN,Middle,Deep,3,2.0,43.0,1.0,0.0,4.94,87.0
OFF,CIN,CIN,Middle,Short,35,25.0,292.0,1.0,1.0,4.63,201.0
OFF,CIN,CIN,Right,Deep,15,10.0,239.0,3.0,0.0,22.88,363.0
OFF,CIN,CIN,Right,Short,54,40.0,335.0,1.0,2.0,-4.85,230.0
OFF,CLE,CLE,Left,Deep,6,2.0,81.0,0.0,0.0,2.43,163.0
OFF,CLE,CLE,Left,Short,51,40.0,344.0,2.0,1.0,3.57,158.0
OFF,CLE,CLE,Middle,Deep,6,2.0,63.0,1.0,1.0,1.17,206.0
OFF,CLE,CLE,Middle,Short,16,13.0,150.0,1.0,0.0,8.05,72.0
OFF,CLE,CLE,Right,Deep,3,2.0,53.0,0.0,0.0,2.19,82.0
OFF,CLE,CLE,Right,Short,34,22.0,164.0,2.0,0.0,10.08,78.0
OFF,DAL,DAL,Left,Deep,14,4.0,119.0,1.0,0.0,2.61,321.0
OFF,DAL,DAL,Left,Short,69,51.0,465.0,2.0,0.0,24.63,287.0
OFF,DAL,DAL,Middle,Deep,5,5.0,161.0,0.0,0.0,10.27,144.0
OFF,DAL,DAL,Middle,Short,28,18.0,134.0,4.0,2.0,-4.83,154.0
OFF,DAL,DAL,Right,Deep,12,4.0,116.0,2.0,1.0,4.24,291.0
OFF,DAL,DAL,Right,Short,64,47.0,386.0,0.0,0.0,13.19,244.0
OFF,DEN,DEN,Left,Deep,10,5.0,108.0,1.0,1.0,-0.02,212.0
OFF,DEN,DEN,Left,Short,55,40.0,329.0,1.0,1.0,4.78,172.0
OFF,DEN,DEN,Middle,Deep,2,1.0,49.0,0.0,1.0,0.49,64.0
OFF,DEN,DEN,Middle,Short,10,3.0,30.0,0.0,0.0,-1.08,8.0
OFF,DEN,DEN,Right,Deep,7,2.0,59.0,0.0,0.0,-0.37,191.0
OFF,DEN,DEN,Right,Short,51,30.0,244.0,3.0,0.0,-0.21,85.0
OFF,DET,DET,Left,Deep,9,7.0,187.0,0.0,0.0,15.71,220.0
OFF,DET,DET,Left,Short,54,35.0,250.0,3.0,0.0,7.25,165.0
OFF,DET,DET,Middle,Deep,9,3.0,94.0,1.0,0.0,2.96,162.0
OFF,DET,DET,Middle,Short,30,26.0,285.0,0.0,0.0,15.87,192.0
OFF,DET,DET,Right,Deep,12,5.0,133.0,1.0,0.0,6.63,279.0
OFF,DET,DET,Right,Short,47,33.0,265.0,4.0,0.0,8.42,213.0
OFF,GB,GB,Left,Deep,10,3.0,96.0,0.0,1.0,-0.69,236.0
OFF,GB,GB,Left,Short,39,26.0,250.0,0.0,0.0,7.9,147.0
OFF,GB,GB,Middle,Deep,7,4.0,165.0,1.0,0.0,9.85,178.0
OFF,GB,GB,Middle,Short,30,17.0,171.0,2.0,2.0,-3.38,206.0
OFF,GB,GB,Right,Deep,13,4.0,133.0,0.0,0.0,4.15,381.0
OFF,GB,GB,Right,Short,55,33.0,226.0,5.0,0.0,-0.85,144.0
OFF,HOU,HOU,Left,Deep,10,3.0,104.0,0.0,0.0,2.24,251.0
OFF,HOU,HOU,Left,Short,30,20.0,140.0,1.0,0.0,-3.46,119.0
OFF,HOU,HOU,Middle,Deep,5,4.0,108.0,0.0,0.0,7.94,104.0
OFF,HOU,HOU,Middle,Short,36,25.0,310.0,2.0,0.0,9.61,278.0
OFF,HOU,HOU,Right,Deep,21,7.0,152.0,1.0,0.0,1.06,550.0
OFF,HOU,HOU,Right,Short,46,34.0,327.0,1.0,0.0,11.03,217.0
OFF,IND,IND,Left,Deep,5,1.0,20.0,0.0,1.0,-3.12,115.0
OFF,IND,IND,Left,Short,41,29.0,193.0,0.0,1.0,-11.36,86.0
OFF,IND,IND,Middle,Deep,7,4.0,109.0,0.0,0.0,4.62,170.0
OFF,IND,IND,Middle,Short,23,16.0,161.0,2.0,1.0,9.22,142.0
OFF,IND,IND,Right,Deep,5,1.0,26.0,0.0,0.0,-0.58,103.0
OFF,IND,IND,Right,Short,51,33.0,245.0,1.0,1.0,-0.41,156.0
OFF,JAX,JAX,Left,Deep,11,5.0,117.0,2.0,1.0,5.92,259.0
OFF,JAX,JAX,Left,Short,36,27.0,254.0,1.0,0.0,11.6,183.0
OFF,JAX,JAX,Middle,Deep,3,3.0,72.0,0.0,0.0,7.01,64.0
OFF,JAX,JAX,Middle,Short,15,10.0,128.0,4.0,1.0,8.58,117.0
OFF,JAX,JAX,Right,Deep,5,3.0,60.0,1.0,0.0,4.51,105.0
OFF,JAX,JAX,Right,Short,33,24.0,212.0,0.0,0.0,6.75,158.0
OFF,KC,KC,Left,Deep,4,3.0,121.0,0.0,0.0,9.31,115.0
OFF,KC,KC,Left,Short,33,21.0,235.0,1.0,0.0,9.28,87.0
OFF,KC,KC,Middle,Deep,9,3.0,105.0,0.0,2.0,-4.91,237.0
OFF,KC,KC,Middle,Short,24,15.0,150.0,2.0,0.0,1.92,103.0
OFF,KC,KC,Right,Deep,10,5.0,143.0,0.0,0.0,8.82,251.0
OFF,KC,KC,Right,Short,48,35.0,283.0,6.0,0.0,11.77,98.0
OFF,LAC,LAC,Left,Deep,11,4.0,112.0,0.0,1.0,1.59,219.0
OFF,LAC,LAC,Left,Short,33,21.0,202.0,0.0,1.0,3.37,135.0
OFF,LAC,LAC,Middle,Deep,3,2.0,41.0,0.0,1.0,-2.52,60.0
OFF,LAC,LAC,Middle,Short,15,11.0,77.0,2.0,1.0,-4.75,62.0
OFF,LAC,LAC,Right,Deep,15,5.0,151.0,0.0,1.0,1.47,391.0
OFF,LAC,LAC,Right,Short,43,28.0,233.0,2.0,1.0,1.17,191.0
OFF,LAR,LAR,Left,Deep,14,4.0,83.0,0.0,1.0,-3.48,409.0
OFF,LAR,LAR,Left,Short,41,33.0,286.0,2.0,1.0,8.42,191.0
OFF,LAR,LAR,Middle,Deep,4,1.0,23.0,0.0,0.0,-0.08,104.0
OFF,LAR,LAR,Middle,Short,24,18.0,197.0,2.0,0.0,6.42,139.0
OFF,LAR,LAR,Right,Deep,22,10.0,323.0,1.0,4.0,0.62,473.0
OFF,LAR,LAR,Right,Short,57,35.0,290.0,1.0,0.0,4.99,234.0
OFF,LV,LV,Left,Deep,12,6.0,177.0,2.0,2.0,5.19,292.0
OFF,LV,LV,Left,Short,41,31.0,293.0,4.0,1.0,10.61,226.0
OFF,LV,LV,Middle,Deep,6,1.0,23.0,0.0,1.0,-7.35,128.0
OFF,LV,LV,Middle,Short,33,22.0,211.0,2.0,0.0,7.08,192.0
OFF,LV,LV,Right,Deep,7,1.0,20.0,1.0,0.0,-2.11,178.0
OFF,LV,LV,Right,Short,42,32.0,302.0,2.0,0.0,19.04,223.0
OFF,MIA,MIA,Left,Deep,11,2.0,40.0,0.0,0.0,-3.28,292.0
OFF,MIA,MIA,Left,Short,27,19.0,157.0,0.0,0.0,5.74,49.0
OFF,MIA,MIA,Middle,Deep,10,4.0,126.0,0.0,1.0,-0.78,279.0
OFF,MIA,MIA,Middle,Short,12,9.0,94.0,0.0,0.0,0.1,45.0
OFF,MIA,MIA,Right,Deep,10,4.0,144.0,1.0,0.0,7.77,244.0
OFF,MIA,MIA,Right,Short,33,20.0,151.0,0.0,1.0,-10.55,117.0
OFF,MIN,MIN,Left,Deep,12,5.0,159.0,2.0,0.0,6.99,309.0
OFF,MIN,MIN,Left,Short,29,20.0,130.0,0.0,0.0,-3.49,80.0
OFF,MIN,MIN,Middle,Deep,5,2.0,38.0,1.0,0.0,1.65,117.0
OFF,MIN,MIN,Middle,Short,23,16.0,167.0,0.0,1.0,4.97,86.0
OFF,MIN,MIN,Right,Deep,6,2.0,42.0,0.0,1.0,-4.15,116.0
OFF,MIN,MIN,Right,Short,35,23.0,173.0,1.0,0.0,2.79,55.0
OFF,NE,NE,Left,Deep,12,5.0,137.0,0.0,2.0,-4.49,281.0
OFF,NE,NE,Left,Short,43,29.0,267.0,1.0,2.0,-3.75,172.0
OFF,NE,NE,Middle,Deep,3,2.0,39.0,0.0,1.0,2.0,61.0
OFF,NE,NE,Middle,Short,13,9.0,76.0,1.0,0.0,2.7,72.0
OFF,NE,NE,Right,Deep,16,7.0,212.0,1.0,1.0,11.82,410.0
OFF,NE,NE,Right,Short,36,25.0,169.0,1.0,1.0,-2.97,149.0
OFF,NO,NO,Left,Deep,14,5.0,121.0,0.0,0.0,4.21,357.0
OFF,NO,NO,Left,Short,66,51.0,345.0,5.0,2.0,9.11,285.0
OFF,NO,NO,Middle,Deep,6,4.0,110.0,1.0,0.0,6.19,171.0
OFF,NO,NO,Middle,Short,11,8.0,75.0,0.0,1.0,-4.66,54.0
OFF,NO,NO,Right,Deep,14,8.0,203.0,0.0,0.0,10.22,364.0
OFF,NO,NO,Right,Short,68,45.0,349.0,3.0,0.0,9.96,249.0
OFF,NYG,NYG,Left,Deep,10,5.0,147.0,0.0,0.0,9.23,230.0
OFF,NYG,NYG,Left,Short,43,31.0,239.0,1.0,0.0,3.7,197.0
OFF,NYG,NYG,Middle,Deep,4,1.0,25.0,1.0,1.0,-3.7,122.0
OFF,NYG,NYG,Middle,Short,21,13.0,116.0,1.0,1.0,6.15,135.0
OFF,NYG,NYG,Right,Deep,10,3.0,91.0,0.0,1.0,-0.44,273.0
OFF,NYG,NYG,Right,Short,24,16.0,111.0,3.0,0.0,0.85,97.0
OFF,NYJ,NYJ,Left,Deep,9,4.0,106.0,0.0,0.0,7.9,210.0
OFF,NYJ,NYJ,Left,Short,42,30.0,227.0,0.0,0.0,-1.88,155.0
OFF,NYJ,NYJ,Middle,Deep,5,3.0,106.0,1.0,0.0,8.78,160.0
OFF,NYJ,NYJ,Middle,Short,11,9.0,64.0,1.0,0.0,6.01,47.0
OFF,NYJ,NYJ,Right,Deep,7,6.0,153.0,2.0,0.0,14.28,182.0
OFF,NYJ,NYJ,Right,Short,42,33.0,246.0,1.0,0.0,6.96,82.0
OFF,PHI,PHI,Left,Deep,5,1.0,19.0,0.0,1.0,-2.97,149.0
OFF,PHI,PHI,Left,Short,29,18.0,138.0,1.0,1.0,-3.39,135.0
OFF,PHI,PHI,Middle,Deep,2,1.0,27.0,0.0,0.0,3.19,39.0
OFF,PHI,PHI,Middle,Short,20,10.0,136.0,3.0,1.0,3.04,76.0
OFF,PHI,PHI,Right,Deep,14,9.0,239.0,3.0,0.0,18.59,343.0
OFF,PHI,PHI,Right,Short,45,29.0,154.0,0.0,1.0,-22.4,147.0
OFF,PIT,PIT,Left,Deep,15,4.0,116.0,1.0,0.0,-0.51,396.0
OFF,PIT,PIT,Left,Short,40,24.0,171.0,0.0,0.0,-11.4,112.0
OFF,PIT,PIT,Middle,Deep,7,4.0,107.0,1.0,0.0,6.68,133.0
OFF,PIT,PIT,Middle,Short,29,21.0,238.0,3.0,1.0,14.62,188.0
OFF,PIT,PIT,Right,Deep,16,3.0,85.0,1.0,2.0,-6.86,469.0
OFF,PIT,PIT,Right,Short,47,32.0,282.0,1.0,1.0,3.69,141.0
OFF,SEA,SEA,Left,Deep,4,1.0,16.0,0.0,0.0,-1.89,77.0
OFF,SEA,SEA,Left,Short,33,21.0,220.0,3.0,2.0,-0.35,112.0
OFF,SEA,SEA,Middle,Deep,4,3.0,58.0,0.0,0.0,4.32,87.0
OFF,SEA,SEA,Middle,Short,25,21.0,213.0,2.0,1.0,4.07,178.0
OFF,SEA,SEA,Right,Deep,10,7.0,215.0,1.0,0.0,16.1,228.0
OFF,SEA,SEA,Right,Short,42,28.0,274.0,4.0,0.0,3.52,146.0
OFF,SF,SF,Left,Deep,7,3.0,80.0,0.0,0.0,2.73,181.0
OFF,SF,SF,Left,Short,46,29.0,374.0,5.0,0.0,21.69,250.0
OFF,SF,SF,Middle,Deep,6,6.0,168.0,1.0,0.0,13.5,130.0
OFF,SF,SF,Middle,Short,21,16.0,164.0,1.0,0.0,12.23,136.0
OFF,SF,SF,Right,Deep,5,3.0,64.0,2.0,0.0,7.48,109.0
OFF,SF,SF,Right,Short,27,22.0,157.0,2.0,1.0,1.54,72.0
OFF,TB,TB,Left,Deep,11,3.0,58.0,0.0,2.0,-6.84,284.0
OFF,TB,TB,Left,Short,48,40.0,248.0,2.0,1.0,4.16,92.0
OFF,TB,TB,Middle,Deep,6,2.0,89.0,1.0,0.0,1.57,165.0
OFF,TB,TB,Middle,Short,20,11.0,145.0,0.0,0.0,3.0,171.0
OFF,TB,TB,Right,Deep,10,3.0,109.0,0.0,1.0,4.9,335.0
OFF,TB,TB,Right,Short,56,40.0,303.0,1.0,1.0,-4.67,133.0
OFF,TEN,TEN,Left,Deep,7,2.0,55.0,0.0,0.0,2.34,165.0
OFF,TEN,TEN,Left,Short,38,27.0,239.0,0.0,1.0,-4.6,166.0
OFF,TEN,TEN,Middle,Deep,2,1.0,22.0,0.0,0.0,0.88,41.0
OFF,TEN,TEN,Middle,Short,15,7.0,59.0,0.0,1.0,-8.97,103.0
OFF,TEN,TEN,Right,Deep,7,3.0,99.0,0.0,0.0,-0.55,145.0
OFF,TEN,TEN,Right,Short,50,35.0,252.0,3.0,0.0,1.15,166.0
OFF,WSH,WSH,Left,Deep,13,5.0,146.0,2.0,0.0,8.06,320.0
OFF,WSH,WSH,Left,Short,33,27.0,185.0,1.0,0.0,2.96,110.0
OFF,WSH,WSH,Middle,Deep,1,0.0,0.0,0.0,0.0,-0.72,20.0
OFF,WSH,WSH,Middle,Short,22,11.0,114.0,3.0,0.0,4.56,140.0
OFF,WSH,WSH,Right,Deep,20,3.0,92.0,1.0,0.0,-6.61,608.0
OFF,WSH,WSH,Right,Short,48,32.0,249.0,1.0,1.0,-0.47,139.0
QB,Jacoby Brissett,ARI,Left,Deep,8,2.0,53.0,0.0,1.0,-3.84,214.0
QB,Jacoby Brissett,ARI,Left,Short,45,33.0,209.0,3.0,2.0,-0.16,169.0
QB,Jacoby Brissett,ARI,Middle,Deep,2,2.0,37.0,0.0,0.0,4.7,35.0
QB,Jacoby Brissett,ARI,Middle,Short,24,15.0,118.0,1.0,0.0,0.22,117.0
QB,Jacoby Brissett,ARI,Right,Deep,12,5.0,103.0,0.0,1.0,0.43,243.0
QB,Jacoby Brissett,ARI,Right,Short,60,46.0,298.0,2.0,0.0,4.12,167.0
QB,Cooper Rush,ATL,Left,Deep,2,2.0,40.0,0.0,0.0,4.33,36.0
QB,Cooper Rush,ATL,Left,Short,10,8.0,65.0,0.0,0.0,1.45,9.0
QB,Cooper Rush,ATL,Middle,Deep,1,0.0,0.0,0.0,1.0,-4.76,17.0
QB,Cooper Rush,ATL,Middle,Short,7,3.0,36.0,0.0,1.0,-3.72,24.0
QB,Cooper Rush,ATL,Right,Deep,3,0.0,0.0,0.0,0.0,-2.04,81.0
QB,Cooper Rush,ATL,Right,Short,16,9.0,88.0,1.0,2.0,-14.51,16.0
QB,Jack Strand,ATL,Left,Short,5,4.0,26.0,0.0,0.0,2.06,17.0
QB,Jack Strand,ATL,Middle,Short,3,2.0,10.0,0.0,0.0,-2.14,20.0
QB,Jack Strand,ATL,Right,Short,7,2.0,23.0,0.0,1.0,-6.49,16.0
QB,Michael Penix Jr.,ATL,Left,Deep,5,2.0,84.0,0.0,0.0,4.34,103.0
QB,Michael Penix Jr.,ATL,Left,Short,22,18.0,179.0,1.0,0.0,13.63,30.0
QB,Michael Penix Jr.,ATL,Middle,Deep,2,2.0,68.0,1.0,0.0,5.36,50.0
QB,Michael Penix Jr.,ATL,Middle,Short,5,2.0,36.0,0.0,1.0,-4.56,31.0
QB,Michael Penix Jr.,ATL,Right,Deep,3,2.0,67.0,0.0,0.0,4.09,54.0
QB,Michael Penix Jr.,ATL,Right,Short,8,7.0,45.0,0.0,0.0,-1.46,11.0
QB,Lamar Jackson,BAL,Left,Deep,12,6.0,223.0,0.0,1.0,9.13,367.0
QB,Lamar Jackson,BAL,Left,Short,19,16.0,170.0,0.0,0.0,11.23,104.0
QB,Lamar Jackson,BAL,Middle,Deep,5,2.0,49.0,1.0,0.0,2.12,131.0
QB,Lamar Jackson,BAL,Middle,Short,28,24.0,291.0,4.0,0.0,20.58,178.0
QB,Lamar Jackson,BAL,Right,Deep,4,3.0,89.0,0.0,0.0,8.09,102.0
QB,Lamar Jackson,BAL,Right,Short,26,17.0,145.0,1.0,0.0,1.87,91.0
QB,Josh Allen,BUF,Left,Deep,11,3.0,62.0,0.0,2.0,-3.04,316.0
QB,Josh Allen,BUF,Left,Short,30,23.0,225.0,0.0,0.0,14.87,108.0
QB,Josh Allen,BUF,Middle,Deep,12,7.0,222.0,4.0,0.0,19.99,349.0
QB,Josh Allen,BUF,Middle,Short,17,13.0,135.0,0.0,1.0,-5.27,103.0
QB,Josh Allen,BUF,Right,Deep,6,5.0,175.0,1.0,0.0,15.03,165.0
QB,Josh Allen,BUF,Right,Short,43,28.0,220.0,1.0,0.0,2.53,123.0
QB,Bryce Young,CAR,Left,Deep,13,4.0,137.0,1.0,1.0,2.98,333.0
QB,Bryce Young,CAR,Left,Short,56,35.0,283.0,3.0,1.0,0.78,264.0
QB,Bryce Young,CAR,Middle,Deep,8,4.0,117.0,0.0,0.0,1.32,229.0
QB,Bryce Young,CAR,Middle,Short,23,19.0,255.0,1.0,0.0,18.31,148.0
QB,Bryce Young,CAR,Right,Deep,10,7.0,193.0,1.0,0.0,15.85,225.0
QB,Bryce Young,CAR,Right,Short,51,32.0,283.0,3.0,0.0,13.36,260.0
QB,Caleb Williams,CHI,Left,Deep,4,3.0,74.0,1.0,0.0,5.38,86.0
QB,Caleb Williams,CHI,Left,Short,13,9.0,106.0,0.0,0.0,4.74,37.0
QB,Caleb Williams,CHI,Middle,Deep,2,0.0,0.0,0.0,1.0,-2.57,43.0
QB,Caleb Williams,CHI,Middle,Short,13,10.0,94.0,0.0,0.0,5.3,88.0
QB,Caleb Williams,CHI,Right,Deep,5,1.0,47.0,0.0,0.0,1.99,142.0
QB,Caleb Williams,CHI,Right,Short,18,13.0,86.0,1.0,0.0,2.6,41.0
QB,Case Keenum,CHI,Left,Short,11,8.0,71.0,0.0,0.0,-0.13,52.0
QB,Case Keenum,CHI,Middle,Short,12,9.0,112.0,2.0,0.0,7.74,70.0
QB,Case Keenum,CHI,Right,Deep,2,1.0,22.0,0.0,0.0,-0.13,52.0
QB,Case Keenum,CHI,Right,Short,9,6.0,42.0,0.0,0.0,-0.23,35.0
QB,Tyson Bagent,CHI,Left,Deep,2,1.0,20.0,0.0,0.0,0.41,37.0
QB,Tyson Bagent,CHI,Left,Short,9,4.0,26.0,0.0,0.0,-1.92,30.0
QB,Tyson Bagent,CHI,Middle,Deep,4,3.0,75.0,0.0,1.0,-1.38,75.0
QB,Tyson Bagent,CHI,Middle,Short,11,9.0,95.0,0.0,0.0,8.79,68.0
QB,Tyson Bagent,CHI,Right,Deep,2,2.0,43.0,0.0,0.0,3.46,39.0
QB,Tyson Bagent,CHI,Right,Short,14,11.0,63.0,0.0,0.0,-0.85,37.0
QB,Joe Burrow,CIN,Left,Deep,5,3.0,59.0,0.0,0.0,4.39,95.0
QB,Joe Burrow,CIN,Left,Short,45,32.0,203.0,1.0,0.0,2.6,146.0
QB,Joe Burrow,CIN,Middle,Deep,3,2.0,43.0,1.0,0.0,4.94,87.0
QB,Joe Burrow,CIN,Middle,Short,35,25.0,292.0,1.0,1.0,4.63,201.0
QB,Joe Burrow,CIN,Right,Deep,15,10.0,239.0,3.0,0.0,22.88,363.0
QB,Joe Burrow,CIN,Right,Short,54,40.0,335.0,1.0,2.0,-4.85,230.0
QB,Deshaun Watson,CLE,Left,Deep,6,2.0,81.0,0.0,0.0,2.43,163.0
QB,Deshaun Watson,CLE,Left,Short,51,40.0,344.0,2.0,1.0,3.57,158.0
QB,Deshaun Watson,CLE,Middle,Deep,6,2.0,63.0,1.0,1.0,1.17,206.0
QB,Deshaun Watson,CLE,Middle,Short,16,13.0,150.0,1.0,0.0,8.05,72.0
QB,Deshaun Watson,CLE,Right,Deep,3,2.0,53.0,0.0,0.0,2.19,82.0
QB,Deshaun Watson,CLE,Right,Short,33,21.0,164.0,2.0,0.0,10.48,82.0
QB,Dak Prescott,DAL,Left,Deep,14,4.0,119.0,1.0,0.0,2.61,321.0
QB,Dak Prescott,DAL,Left,Short,69,51.0,465.0,2.0,0.0,24.63,287.0
QB,Dak Prescott,DAL,Middle,Deep,5,5.0,161.0,0.0,0.0,10.27,144.0
QB,Dak Prescott,DAL,Middle,Short,28,18.0,134.0,4.0,2.0,-4.83,154.0
QB,Dak Prescott,DAL,Right,Deep,12,4.0,116.0,2.0,1.0,4.24,291.0
QB,Dak Prescott,DAL,Right,Short,64,47.0,386.0,0.0,0.0,13.19,244.0
QB,Bo Nix,DEN,Left,Deep,10,5.0,108.0,1.0,1.0,-0.02,212.0
QB,Bo Nix,DEN,Left,Short,55,40.0,329.0,1.0,1.0,4.78,172.0
QB,Bo Nix,DEN,Middle,Deep,2,1.0,49.0,0.0,1.0,0.49,64.0
QB,Bo Nix,DEN,Middle,Short,10,3.0,30.0,0.0,0.0,-1.08,8.0
QB,Bo Nix,DEN,Right,Deep,7,2.0,59.0,0.0,0.0,-0.37,191.0
QB,Bo Nix,DEN,Right,Short,51,30.0,244.0,3.0,0.0,-0.21,85.0
QB,Jared Goff,DET,Left,Deep,9,7.0,187.0,0.0,0.0,15.71,220.0
QB,Jared Goff,DET,Left,Short,54,35.0,250.0,3.0,0.0,7.25,165.0
QB,Jared Goff,DET,Middle,Deep,9,3.0,94.0,1.0,0.0,2.96,162.0
QB,Jared Goff,DET,Middle,Short,30,26.0,285.0,0.0,0.0,15.87,192.0
QB,Jared Goff,DET,Right,Deep,12,5.0,133.0,1.0,0.0,6.63,279.0
QB,Jared Goff,DET,Right,Short,47,33.0,265.0,4.0,0.0,8.42,213.0
QB,Jordan Love,GB,Left,Deep,10,3.0,96.0,0.0,1.0,-0.69,236.0
QB,Jordan Love,GB,Left,Short,39,26.0,250.0,0.0,0.0,7.9,147.0
QB,Jordan Love,GB,Middle,Deep,7,4.0,165.0,1.0,0.0,9.85,178.0
QB,Jordan Love,GB,Middle,Short,30,17.0,171.0,2.0,2.0,-3.38,206.0
QB,Jordan Love,GB,Right,Deep,13,4.0,133.0,0.0,0.0,4.15,381.0
QB,Jordan Love,GB,Right,Short,55,33.0,226.0,5.0,0.0,-0.85,144.0
QB,C.J. Stroud,HOU,Left,Deep,10,3.0,104.0,0.0,0.0,2.24,251.0
QB,C.J. Stroud,HOU,Left,Short,30,20.0,140.0,1.0,0.0,-3.46,119.0
QB,C.J. Stroud,HOU,Middle,Deep,5,4.0,108.0,0.0,0.0,7.94,104.0
QB,C.J. Stroud,HOU,Middle,Short,36,25.0,310.0,2.0,0.0,9.61,278.0
QB,C.J. Stroud,HOU,Right,Deep,21,7.0,152.0,1.0,0.0,1.06,550.0
QB,C.J. Stroud,HOU,Right,Short,45,34.0,327.0,1.0,0.0,14.34,217.0
QB,Daniel Jones,IND,Left,Deep,5,1.0,20.0,0.0,1.0,-3.12,115.0
QB,Daniel Jones,IND,Left,Short,41,29.0,193.0,0.0,1.0,-11.36,86.0
QB,Daniel Jones,IND,Middle,Deep,7,4.0,109.0,0.0,0.0,4.62,170.0
QB,Daniel Jones,IND,Middle,Short,23,16.0,161.0,2.0,1.0,9.22,142.0
QB,Daniel Jones,IND,Right,Deep,5,1.0,26.0,0.0,0.0,-0.58,103.0
QB,Daniel Jones,IND,Right,Short,51,33.0,245.0,1.0,1.0,-0.41,156.0
QB,Trevor Lawrence,JAX,Left,Deep,11,5.0,117.0,2.0,1.0,5.92,259.0
QB,Trevor Lawrence,JAX,Left,Short,36,27.0,254.0,1.0,0.0,11.6,183.0
QB,Trevor Lawrence,JAX,Middle,Deep,3,3.0,72.0,0.0,0.0,7.01,64.0
QB,Trevor Lawrence,JAX,Middle,Short,15,10.0,128.0,4.0,1.0,8.58,117.0
QB,Trevor Lawrence,JAX,Right,Deep,5,3.0,60.0,1.0,0.0,4.51,105.0
QB,Trevor Lawrence,JAX,Right,Short,33,24.0,212.0,0.0,0.0,6.75,158.0
QB,Patrick Mahomes,KC,Left,Deep,4,3.0,121.0,0.0,0.0,9.31,115.0
QB,Patrick Mahomes,KC,Left,Short,33,21.0,235.0,1.0,0.0,9.28,87.0
QB,Patrick Mahomes,KC,Middle,Deep,9,3.0,105.0,0.0,2.0,-4.91,237.0
QB,Patrick Mahomes,KC,Middle,Short,24,15.0,150.0,2.0,0.0,1.92,103.0
QB,Patrick Mahomes,KC,Right,Deep,10,5.0,143.0,0.0,0.0,8.82,251.0
QB,Patrick Mahomes,KC,Right,Short,48,35.0,283.0,6.0,0.0,11.77,98.0
QB,Justin Herbert,LAC,Left,Deep,11,4.0,112.0,0.0,1.0,1.59,219.0
QB,Justin Herbert,LAC,Left,Short,32,21.0,202.0,0.0,1.0,3.94,126.0
QB,Justin Herbert,LAC,Middle,Deep,3,2.0,41.0,0.0,1.0,-2.52,60.0
QB,Justin Herbert,LAC,Middle,Short,15,11.0,77.0,2.0,1.0,-4.75,62.0
QB,Justin Herbert,LAC,Right,Deep,15,5.0,151.0,0.0,1.0,1.47,391.0
QB,Justin Herbert,LAC,Right,Short,43,28.0,233.0,2.0,1.0,1.17,191.0
QB,Matthew Stafford,LAR,Left,Deep,14,4.0,83.0,0.0,1.0,-3.48,409.0
QB,Matthew Stafford,LAR,Left,Short,41,33.0,286.0,2.0,1.0,8.42,191.0
QB,Matthew Stafford,LAR,Middle,Deep,4,1.0,23.0,0.0,0.0,-0.08,104.0
QB,Matthew Stafford,LAR,Middle,Short,21,16.0,184.0,2.0,0.0,6.23,116.0
QB,Matthew Stafford,LAR,Right,Deep,22,10.0,323.0,1.0,4.0,0.62,473.0
QB,Matthew Stafford,LAR,Right,Short,57,35.0,290.0,1.0,0.0,4.99,234.0
QB,Kirk Cousins,LV,Left,Deep,12,6.0,177.0,2.0,2.0,5.19,292.0
QB,Kirk Cousins,LV,Left,Short,41,31.0,293.0,4.0,1.0,10.61,226.0
QB,Kirk Cousins,LV,Middle,Deep,6,1.0,23.0,0.0,1.0,-7.35,128.0
QB,Kirk Cousins,LV,Middle,Short,33,22.0,211.0,2.0,0.0,7.08,192.0
QB,Kirk Cousins,LV,Right,Deep,7,1.0,20.0,1.0,0.0,-2.11,178.0
QB,Kirk Cousins,LV,Right,Short,42,32.0,302.0,2.0,0.0,19.04,223.0
QB,Malik Willis,MIA,Left,Deep,11,2.0,40.0,0.0,0.0,-3.28,292.0
QB,Malik Willis,MIA,Left,Short,27,19.0,157.0,0.0,0.0,5.74,49.0
QB,Malik Willis,MIA,Middle,Deep,10,4.0,126.0,0.0,1.0,-0.78,279.0
QB,Malik Willis,MIA,Middle,Short,12,9.0,94.0,0.0,0.0,0.1,45.0
QB,Malik Willis,MIA,Right,Deep,10,4.0,144.0,1.0,0.0,7.77,244.0
QB,Malik Willis,MIA,Right,Short,33,20.0,151.0,0.0,1.0,-10.55,117.0
QB,Carson Wentz,MIN,Left,Deep,4,2.0,69.0,1.0,0.0,3.49,111.0
QB,Carson Wentz,MIN,Left,Short,9,3.0,31.0,0.0,0.0,-3.0,29.0
QB,Carson Wentz,MIN,Middle,Deep,2,1.0,16.0,1.0,0.0,2.05,33.0
QB,Carson Wentz,MIN,Middle,Short,10,8.0,86.0,0.0,0.0,8.68,68.0
QB,Carson Wentz,MIN,Right,Deep,2,0.0,0.0,0.0,0.0,-2.53,32.0
QB,Carson Wentz,MIN,Right,Short,12,9.0,74.0,1.0,0.0,4.6,25.0
QB,Kyler Murray,MIN,Left,Deep,8,3.0,90.0,1.0,0.0,3.49,198.0
QB,Kyler Murray,MIN,Left,Short,20,17.0,99.0,0.0,0.0,-0.49,51.0
QB,Kyler Murray,MIN,Middle,Deep,3,1.0,22.0,0.0,0.0,-0.4,84.0
QB,Kyler Murray,MIN,Middle,Short,13,8.0,81.0,0.0,1.0,-3.7,18.0
QB,Kyler Murray,MIN,Right,Deep,4,2.0,42.0,0.0,1.0,-1.62,84.0
QB,Kyler Murray,MIN,Right,Short,23,14.0,99.0,0.0,0.0,-1.81,30.0
QB,Drake Maye,NE,Left,Deep,10,5.0,137.0,0.0,2.0,-0.66,232.0
QB,Drake Maye,NE,Left,Short,42,28.0,258.0,1.0,2.0,-4.79,175.0
QB,Drake Maye,NE,Middle,Deep,2,1.0,19.0,0.0,1.0,-0.47,44.0
QB,Drake Maye,NE,Middle,Short,13,9.0,76.0,1.0,0.0,2.7,72.0
QB,Drake Maye,NE,Right,Deep,16,7.0,212.0,1.0,1.0,11.82,410.0
QB,Drake Maye,NE,Right,Short,34,23.0,152.0,1.0,1.0,-3.54,137.0
QB,Tyler Shough,NO,Left,Deep,14,5.0,121.0,0.0,0.0,4.21,357.0
QB,Tyler Shough,NO,Left,Short,66,51.0,345.0,5.0,2.0,9.11,285.0
QB,Tyler Shough,NO,Middle,Deep,6,4.0,110.0,1.0,0.0,6.19,171.0
QB,Tyler Shough,NO,Middle,Short,11,8.0,75.0,0.0,1.0,-4.66,54.0
QB,Tyler Shough,NO,Right,Deep,14,8.0,203.0,0.0,0.0,10.22,364.0
QB,Tyler Shough,NO,Right,Short,68,45.0,349.0,3.0,0.0,9.96,249.0
QB,Jameis Winston,NYG,Left,Deep,6,4.0,131.0,0.0,0.0,10.52,147.0
QB,Jameis Winston,NYG,Left,Short,29,18.0,119.0,0.0,0.0,-7.04,132.0
QB,Jameis Winston,NYG,Middle,Deep,4,1.0,25.0,1.0,1.0,-3.7,122.0
QB,Jameis Winston,NYG,Middle,Short,13,6.0,49.0,1.0,1.0,-2.08,86.0
QB,Jameis Winston,NYG,Right,Deep,8,2.0,73.0,0.0,1.0,-1.2,220.0
QB,Jameis Winston,NYG,Right,Short,18,12.0,82.0,1.0,0.0,-2.43,55.0
QB,Jaxson Dart,NYG,Left,Deep,4,1.0,16.0,0.0,0.0,-1.29,83.0
QB,Jaxson Dart,NYG,Left,Short,14,13.0,120.0,1.0,0.0,10.74,65.0
QB,Jaxson Dart,NYG,Middle,Short,8,7.0,67.0,0.0,0.0,8.23,49.0
QB,Jaxson Dart,NYG,Right,Deep,2,1.0,18.0,0.0,0.0,0.77,53.0
QB,Jaxson Dart,NYG,Right,Short,6,4.0,29.0,2.0,0.0,3.28,42.0
QB,Geno Smith,NYJ,Left,Deep,9,4.0,106.0,0.0,0.0,7.9,210.0
QB,Geno Smith,NYJ,Left,Short,42,30.0,227.0,0.0,0.0,-1.88,155.0
QB,Geno Smith,NYJ,Middle,Deep,5,3.0,106.0,1.0,0.0,8.78,160.0
QB,Geno Smith,NYJ,Middle,Short,11,9.0,64.0,1.0,0.0,6.01,47.0
QB,Geno Smith,NYJ,Right,Deep,7,6.0,153.0,2.0,0.0,14.28,182.0
QB,Geno Smith,NYJ,Right,Short,42,33.0,246.0,1.0,0.0,6.96,82.0
QB,Jalen Hurts,PHI,Left,Deep,5,1.0,19.0,0.0,1.0,-2.97,149.0
QB,Jalen Hurts,PHI,Left,Short,29,18.0,138.0,1.0,1.0,-3.39,135.0
QB,Jalen Hurts,PHI,Middle,Deep,2,1.0,27.0,0.0,0.0,3.19,39.0
QB,Jalen Hurts,PHI,Middle,Short,19,10.0,136.0,3.0,0.0,8.61,74.0
QB,Jalen Hurts,PHI,Right,Deep,14,9.0,239.0,3.0,0.0,18.59,343.0
QB,Jalen Hurts,PHI,Right,Short,45,29.0,154.0,0.0,1.0,-22.4,147.0
QB,Aaron Rodgers,PIT,Left,Deep,15,4.0,116.0,1.0,0.0,-0.51,396.0
QB,Aaron Rodgers,PIT,Left,Short,39,24.0,171.0,0.0,0.0,-9.56,112.0
QB,Aaron Rodgers,PIT,Middle,Deep,7,4.0,107.0,1.0,0.0,6.68,133.0
QB,Aaron Rodgers,PIT,Middle,Short,29,21.0,238.0,3.0,1.0,14.62,188.0
QB,Aaron Rodgers,PIT,Right,Deep,16,3.0,85.0,1.0,2.0,-6.86,469.0
QB,Aaron Rodgers,PIT,Right,Short,46,32.0,282.0,1.0,1.0,4.11,135.0
QB,Drew Lock,SEA,Left,Deep,2,0.0,0.0,0.0,0.0,-2.84,37.0
QB,Drew Lock,SEA,Left,Short,13,10.0,111.0,1.0,0.0,7.26,59.0
QB,Drew Lock,SEA,Middle,Deep,2,1.0,21.0,0.0,0.0,0.98,51.0
QB,Drew Lock,SEA,Middle,Short,10,8.0,70.0,2.0,0.0,5.39,70.0
QB,Drew Lock,SEA,Right,Deep,3,2.0,106.0,1.0,0.0,8.87,82.0
QB,Drew Lock,SEA,Right,Short,18,14.0,114.0,0.0,0.0,4.53,67.0
QB,Sam Darnold,SEA,Left,Deep,2,1.0,16.0,0.0,0.0,0.96,40.0
QB,Sam Darnold,SEA,Left,Short,20,11.0,109.0,2.0,2.0,-7.61,53.0
QB,Sam Darnold,SEA,Middle,Deep,2,2.0,37.0,0.0,0.0,3.34,36.0
QB,Sam Darnold,SEA,Middle,Short,15,13.0,143.0,0.0,1.0,-1.33,108.0
QB,Sam Darnold,SEA,Right,Deep,7,5.0,109.0,0.0,0.0,7.23,146.0
QB,Sam Darnold,SEA,Right,Short,23,13.0,146.0,4.0,0.0,-1.94,86.0
QB,Brock Purdy,SF,Left,Deep,7,3.0,80.0,0.0,0.0,2.73,181.0
QB,Brock Purdy,SF,Left,Short,46,29.0,374.0,5.0,0.0,21.69,250.0
QB,Brock Purdy,SF,Middle,Deep,6,6.0,168.0,1.0,0.0,13.5,130.0
QB,Brock Purdy,SF,Middle,Short,21,16.0,164.0,1.0,0.0,12.23,136.0
QB,Brock Purdy,SF,Right,Deep,5,3.0,64.0,2.0,0.0,7.48,109.0
QB,Brock Purdy,SF,Right,Short,27,22.0,157.0,2.0,1.0,1.54,72.0
QB,Baker Mayfield,TB,Left,Deep,8,2.0,37.0,0.0,1.0,-4.89,219.0
QB,Baker Mayfield,TB,Left,Short,32,27.0,178.0,1.0,0.0,3.88,63.0
QB,Baker Mayfield,TB,Middle,Deep,6,2.0,89.0,1.0,0.0,1.57,165.0
QB,Baker Mayfield,TB,Middle,Short,13,8.0,117.0,0.0,0.0,3.2,116.0
QB,Baker Mayfield,TB,Right,Deep,6,1.0,24.0,0.0,0.0,-2.49,184.0
QB,Baker Mayfield,TB,Right,Short,31,21.0,170.0,0.0,1.0,-6.72,105.0
QB,Jalon Daniels,TB,Left,Deep,3,1.0,21.0,0.0,1.0,-1.95,65.0
QB,Jalon Daniels,TB,Left,Short,16,13.0,70.0,1.0,1.0,0.28,29.0
QB,Jalon Daniels,TB,Middle,Short,7,3.0,28.0,0.0,0.0,-0.19,55.0
QB,Jalon Daniels,TB,Right,Deep,4,2.0,85.0,0.0,1.0,7.39,151.0
QB,Jalon Daniels,TB,Right,Short,25,19.0,133.0,1.0,0.0,2.05,28.0
QB,Cam Ward,TEN,Left,Deep,7,2.0,55.0,0.0,0.0,2.34,165.0
QB,Cam Ward,TEN,Left,Short,38,27.0,239.0,0.0,1.0,-4.6,166.0
QB,Cam Ward,TEN,Middle,Deep,2,1.0,22.0,0.0,0.0,0.88,41.0
QB,Cam Ward,TEN,Middle,Short,15,7.0,59.0,0.0,1.0,-8.97,103.0
QB,Cam Ward,TEN,Right,Deep,7,3.0,99.0,0.0,0.0,-0.55,145.0
QB,Cam Ward,TEN,Right,Short,50,35.0,252.0,3.0,0.0,1.15,166.0
QB,Athan Kaliakmanis,WSH,Left,Deep,4,1.0,47.0,1.0,0.0,2.44,107.0
QB,Athan Kaliakmanis,WSH,Left,Short,6,4.0,24.0,0.0,0.0,-0.76,17.0
QB,Athan Kaliakmanis,WSH,Middle,Short,6,2.0,18.0,0.0,0.0,-4.03,33.0
QB,Athan Kaliakmanis,WSH,Right,Deep,5,1.0,48.0,0.0,0.0,-0.65,214.0
QB,Athan Kaliakmanis,WSH,Right,Short,12,7.0,49.0,0.0,1.0,-4.46,25.0
QB,Jayden Daniels,WSH,Left,Deep,1,1.0,33.0,0.0,0.0,4.13,28.0
QB,Jayden Daniels,WSH,Left,Short,10,7.0,42.0,1.0,0.0,-0.09,39.0
QB,Jayden Daniels,WSH,Middle,Deep,1,0.0,0.0,0.0,0.0,-0.72,20.0
QB,Jayden Daniels,WSH,Middle,Short,10,5.0,66.0,1.0,0.0,5.58,70.0
QB,Jayden Daniels,WSH,Right,Deep,9,1.0,24.0,0.0,0.0,-3.23,257.0
QB,Jayden Daniels,WSH,Right,Short,20,15.0,95.0,1.0,0.0,0.38,58.0
QB,Marcus Mariota,WSH,Left,Deep,8,3.0,66.0,1.0,0.0,1.49,185.0
QB,Marcus Mariota,WSH,Left,Short,16,15.0,119.0,0.0,0.0,4.28,60.0
QB,Marcus Mariota,WSH,Middle,Short,6,4.0,30.0,2.0,0.0,3.01,37.0
QB,Marcus Mariota,WSH,Right,Deep,5,1.0,20.0,1.0,0.0,-2.15,114.0
QB,Marcus Mariota,WSH,Right,Short,16,10.0,105.0,0.0,0.0,3.62,56.0
