Team,Neutral Pass Rate,PROE Proxy,Red Zone Pass Rate,Red Zone Plays,4th Down Go Rate,4th Down Decisions,Neutral Script Plays
DEN,0.614,0.096,0.571,35,0.053,19,57
PIT,0.614,0.096,0.706,17,0.13,23,88
CIN,0.597,0.08,0.455,22,0.095,21,77
CAR,0.592,0.074,0.667,39,0.261,23,76
GB,0.59,0.072,0.621,29,0.24,25,61
JAX,0.583,0.066,0.538,26,0.0,14,72
ARI,0.578,0.06,0.556,36,0.13,23,83
NO,0.57,0.052,0.583,36,0.263,19,93
LV,0.568,0.051,0.564,39,0.15,20,95
HOU,0.566,0.048,0.643,28,0.269,26,83
KC,0.554,0.037,0.512,43,0.263,19,101
NYJ,0.552,0.034,0.519,27,0.174,23,96
TEN,0.547,0.029,0.481,27,0.091,22,53
LAR,0.534,0.017,0.552,29,0.235,17,58
TB,0.533,0.016,0.654,26,0.12,25,75
IND,0.528,0.01,0.464,28,0.238,21,89
DAL,0.528,0.01,0.541,37,0.143,14,89
SF,0.522,0.004,0.567,30,0.0,10,69
WSH,0.506,-0.012,0.5,34,0.125,24,81
SEA,0.506,-0.012,0.462,39,0.25,20,85
DET,0.5,-0.018,0.545,44,0.211,19,80
BUF,0.493,-0.025,0.452,31,0.25,12,67
NE,0.493,-0.025,0.733,15,0.19,21,73
MIA,0.492,-0.026,0.348,23,0.286,21,63
PHI,0.464,-0.054,0.412,17,0.083,12,69
BAL,0.442,-0.076,0.306,36,0.188,16,86
CLE,0.441,-0.077,0.542,24,0.25,24,59
CHI,0.439,-0.079,0.5,30,0.308,13,82
NYG,0.438,-0.08,0.417,24,0.1,20,80
ATL,0.413,-0.104,0.143,14,0.095,21,75
LAC,0.376,-0.141,0.4,30,0.2,20,93
MIN,0.367,-0.151,0.467,15,0.074,27,60
