Player,Team,Position,Pass Yards,Pass TD,Interceptions,Rush Yards,Rush TD,Receptions,Receiving Yards,Receiving TD
A.J. Brown,NE,WR,0.0,0.0,0.0,0.0,0.0,3.0,26.0,0.0
AJ Barner,SEA,TE,0.0,0.0,0.0,0.0,0.0,2.0,13.0,0.0
AJ Dillon,CAR,RB,0.0,0.0,0.0,28.0,0.0,0.0,0.0,0.0
Aaron Jones Sr.,MIN,RB,0.0,0.0,0.0,40.0,1.0,0.0,0.0,0.0
Aaron Rodgers,PIT,QB,221.0,1.0,0.0,-3.0,0.0,0.0,0.0,0.0
Adam Trautman,DEN,TE,0.0,0.0,0.0,0.0,0.0,2.0,10.0,0.0
Adonai Mitchell,NYJ,WR,0.0,0.0,0.0,0.0,0.0,3.0,60.0,0.0
Alec Pierce,IND,WR,0.0,0.0,0.0,0.0,0.0,4.0,61.0,0.0
Ameer Abdullah,JAX,RB,0.0,0.0,0.0,32.0,0.0,1.0,0.0,0.0
Amon-Ra St. Brown,DET,WR,0.0,0.0,0.0,0.0,0.0,19.0,209.0,4.0
Andrei Iosivas,CIN,WR,0.0,0.0,0.0,0.0,0.0,2.0,12.0,0.0
Antonio Williams,WSH,WR,0.0,0.0,0.0,0.0,0.0,4.0,64.0,1.0
Arian Smith,NYJ,WR,0.0,0.0,0.0,0.0,0.0,0.0,0.0,0.0
Ashton Dulin,IND,WR,0.0,0.0,0.0,0.0,0.0,0.0,0.0,0.0
Ashton Jeanty,LV,RB,0.0,0.0,0.0,102.0,0.0,6.0,45.0,2.0
Baker Mayfield,TB,QB,216.0,0.0,0.0,30.0,1.0,0.0,0.0,0.0
Barion Brown,NO,WR,0.0,0.0,0.0,3.0,0.0,0.0,0.0,0.0
Bhayshul Tuten,JAX,RB,0.0,0.0,0.0,66.0,0.0,1.0,22.0,0.0
Bijan Robinson,ATL,RB,0.0,0.0,0.0,83.0,0.0,8.0,90.0,1.0
Blake Corum,LAR,RB,0.0,0.0,0.0,54.0,0.0,0.0,0.0,0.0
Blake Whiteheart,CLE,TE,0.0,0.0,0.0,0.0,0.0,1.0,14.0,0.0
Bo Melton,GB,WR,0.0,0.0,0.0,0.0,0.0,1.0,10.0,0.0
Bo Nix,DEN,QB,131.0,1.0,1.0,2.0,0.0,0.0,0.0,0.0
Braelon Allen,NYJ,RB,0.0,0.0,0.0,40.0,0.0,0.0,0.0,0.0
Breece Hall,NYJ,RB,0.0,0.0,0.0,102.0,1.0,2.0,16.0,0.0
Brenton Strange,JAX,TE,0.0,0.0,0.0,0.0,0.0,2.0,23.0,1.0
Brevyn Spann-Ford,DAL,TE,0.0,0.0,0.0,0.0,0.0,2.0,14.0,0.0
Brian Robinson Jr.,ATL,RB,0.0,0.0,0.0,31.0,0.0,0.0,0.0,0.0
Brian Thomas Jr.,JAX,WR,0.0,0.0,0.0,0.0,0.0,3.0,40.0,0.0
Brock Purdy,SF,QB,205.0,3.0,1.0,29.0,0.0,0.0,0.0,0.0
Brock Wright,DET,TE,0.0,0.0,0.0,0.0,0.0,1.0,5.0,0.0
Bryce Lance,NO,WR,0.0,0.0,0.0,0.0,0.0,3.0,42.0,0.0
Bryce Young,CAR,QB,361.0,3.0,1.0,10.0,1.0,0.0,0.0,0.0
Bucky Irving,TB,RB,0.0,0.0,0.0,45.0,1.0,7.0,48.0,0.0
C.J. Stroud,HOU,QB,274.0,2.0,0.0,15.0,0.0,0.0,0.0,0.0
CJ Donaldson,NO,RB,0.0,0.0,0.0,4.0,0.0,1.0,-2.0,0.0
Cade Otton,TB,TE,0.0,0.0,0.0,0.0,0.0,3.0,26.0,0.0
Cade Stover,HOU,TE,0.0,0.0,0.0,0.0,0.0,1.0,-2.0,0.0
Caleb Douglas,MIA,WR,0.0,0.0,0.0,0.0,0.0,5.0,94.0,0.0
Caleb Williams,CHI,QB,269.0,2.0,0.0,65.0,2.0,0.0,0.0,0.0
Cam Skattebo,NYG,RB,0.0,0.0,0.0,81.0,1.0,0.0,0.0,0.0
Cam Ward,TEN,QB,140.0,1.0,0.0,21.0,0.0,0.0,0.0,0.0
Carnell Tate,TEN,WR,0.0,0.0,0.0,0.0,0.0,4.0,38.0,0.0
Carson Wentz,MIN,QB,133.0,3.0,0.0,-1.0,0.0,0.0,0.0,0.0
CeeDee Lamb,DAL,WR,0.0,0.0,0.0,0.0,0.0,5.0,44.0,1.0
Chase Brown,CIN,RB,0.0,0.0,0.0,56.0,1.0,5.0,22.0,0.0
Chig Okonkwo,WSH,TE,0.0,0.0,0.0,0.0,0.0,2.0,16.0,0.0
Chimere Dike,TEN,WR,0.0,0.0,0.0,0.0,0.0,1.0,7.0,0.0
Chris Bell,MIA,WR,0.0,0.0,0.0,0.0,0.0,1.0,25.0,0.0
Chris Brooks,GB,RB,0.0,0.0,0.0,29.0,0.0,0.0,0.0,0.0
Chris Godwin Jr.,TB,WR,0.0,0.0,0.0,3.0,0.0,4.0,40.0,0.0
Chris Moore,BAL,WR,0.0,0.0,0.0,0.0,0.0,1.0,53.0,0.0
Chris Olave,NO,WR,0.0,0.0,0.0,0.0,0.0,10.0,182.0,0.0
Chris Rodriguez Jr.,JAX,RB,0.0,0.0,0.0,23.0,0.0,0.0,0.0,0.0
Christian McCaffrey,SF,RB,0.0,0.0,0.0,68.0,0.0,5.0,20.0,0.0
Christian Watson,GB,WR,0.0,0.0,0.0,0.0,0.0,6.0,147.0,2.0
Chuba Hubbard,CAR,RB,0.0,0.0,0.0,49.0,1.0,3.0,38.0,1.0
Cody White,LV,WR,0.0,0.0,0.0,0.0,0.0,0.0,0.0,0.0
Colby Parkinson,LAR,TE,0.0,0.0,0.0,0.0,0.0,1.0,6.0,0.0
Cole Kmet,CHI,TE,0.0,0.0,0.0,0.0,0.0,2.0,35.0,1.0
Colston Loveland,CHI,TE,0.0,0.0,0.0,0.0,0.0,0.0,0.0,0.0
Cooper Kupp,SEA,WR,0.0,0.0,0.0,0.0,0.0,2.0,35.0,0.0
Cooper Rush,ATL,QB,143.0,1.0,2.0,0.0,0.0,0.0,0.0,0.0
Corey Kiner,NE,RB,0.0,0.0,0.0,11.0,0.0,0.0,0.0,0.0
Courtland Sutton,DEN,WR,0.0,0.0,0.0,0.0,0.0,2.0,11.0,0.0
Cyrus Allen,KC,WR,0.0,0.0,0.0,0.0,0.0,0.0,0.0,0.0
D'Andre Swift,CHI,RB,0.0,0.0,0.0,124.0,3.0,1.0,10.0,0.0
DJ Moore,BUF,WR,0.0,0.0,0.0,-1.0,0.0,5.0,100.0,1.0
DK Metcalf,PIT,WR,0.0,0.0,0.0,0.0,0.0,4.0,40.0,0.0
Dak Prescott,DAL,QB,175.0,2.0,1.0,14.0,0.0,0.0,0.0,0.0
Dallas Goedert,PHI,TE,0.0,0.0,0.0,0.0,0.0,4.0,77.0,2.0
Dalton Kincaid,BUF,TE,0.0,0.0,0.0,0.0,0.0,12.0,225.0,1.0
Dalton Schultz,HOU,TE,0.0,0.0,0.0,0.0,0.0,4.0,35.0,0.0
Daniel Bellinger,TEN,TE,0.0,0.0,0.0,0.0,0.0,1.0,7.0,0.0
Daniel Jones,IND,QB,166.0,1.0,1.0,4.0,0.0,0.0,0.0,0.0
Darnell Mooney,NYG,WR,0.0,0.0,0.0,0.0,0.0,2.0,27.0,0.0
Darnell Washington,PIT,TE,0.0,0.0,0.0,0.0,0.0,2.0,18.0,0.0
Darren Waller,CAR,TE,0.0,0.0,0.0,0.0,0.0,2.0,28.0,0.0
Davante Adams,LAR,WR,0.0,0.0,0.0,0.0,0.0,3.0,26.0,0.0
David Montgomery,HOU,RB,0.0,0.0,0.0,60.0,2.0,3.0,19.0,1.0
David Njoku,LAC,TE,0.0,0.0,0.0,0.0,0.0,5.0,58.0,0.0
Davis Allen,LAR,TE,0.0,0.0,0.0,0.0,0.0,1.0,13.0,0.0
Dawson Knox,BUF,TE,0.0,0.0,0.0,0.0,0.0,3.0,12.0,1.0
De'Von Achane,MIA,RB,0.0,0.0,0.0,36.0,0.0,4.0,30.0,0.0
DeMario Douglas,NE,WR,0.0,0.0,0.0,0.0,0.0,5.0,20.0,0.0
DeVonta Smith,PHI,WR,0.0,0.0,0.0,0.0,0.0,3.0,53.0,0.0
DeeJay Dallas,MIN,RB,0.0,0.0,0.0,0.0,0.0,1.0,1.0,0.0
Deebo Samuel Sr.,SF,WR,0.0,0.0,0.0,12.0,0.0,6.0,48.0,1.0
Demarcus Robinson,SF,WR,0.0,0.0,0.0,0.0,0.0,2.0,50.0,1.0
Denzel Boston,CLE,WR,0.0,0.0,0.0,0.0,0.0,2.0,59.0,1.0
Derius Davis,LAC,WR,0.0,0.0,0.0,0.0,0.0,0.0,0.0,0.0
Derrick Henry,BAL,RB,0.0,0.0,0.0,144.0,3.0,1.0,19.0,0.0
Deshaun Watson,CLE,QB,205.0,1.0,1.0,38.0,0.0,0.0,0.0,0.0
Devaughn Vele,NO,WR,0.0,0.0,0.0,0.0,0.0,7.0,69.0,1.0
Devin Singletary,NYG,RB,0.0,0.0,0.0,16.0,0.0,4.0,22.0,1.0
Dohnte Meyers,CIN,WR,0.0,0.0,0.0,10.0,0.0,1.0,18.0,0.0
Dontayvion Wicks,PHI,WR,0.0,0.0,0.0,0.0,0.0,2.0,73.0,1.0
Drake London,ATL,WR,0.0,0.0,0.0,6.0,0.0,2.0,29.0,0.0
Drake Maye,NE,QB,178.0,1.0,3.0,47.0,0.0,0.0,0.0,0.0
Drew Lock,SEA,QB,187.0,1.0,0.0,13.0,0.0,0.0,0.0,0.0
Drew Ogletree,IND,TE,0.0,0.0,0.0,0.0,0.0,0.0,0.0,0.0
Drew Sample,CIN,TE,0.0,0.0,0.0,0.0,0.0,3.0,19.0,0.0
Durham Smythe,BAL,TE,0.0,0.0,0.0,0.0,0.0,1.0,4.0,0.0
Dyami Brown,WSH,WR,0.0,0.0,0.0,0.0,0.0,0.0,0.0,0.0
Eli Raridon,NE,TE,0.0,0.0,0.0,0.0,0.0,1.0,2.0,1.0
Elic Ayomanor,TEN,WR,0.0,0.0,0.0,0.0,0.0,1.0,11.0,1.0
Emanuel Wilson,SEA,RB,0.0,0.0,0.0,3.0,0.0,0.0,0.0,0.0
Emari Demercado,DAL,RB,0.0,0.0,0.0,7.0,0.0,0.0,0.0,0.0
Emeka Egbuka,TB,WR,0.0,0.0,0.0,0.0,0.0,5.0,63.0,0.0
Emmett Johnson,KC,RB,0.0,0.0,0.0,24.0,0.0,2.0,44.0,0.0
Evan Engram,DEN,TE,0.0,0.0,0.0,0.0,0.0,4.0,43.0,1.0
Foster Moreau,HOU,TE,0.0,0.0,0.0,0.0,0.0,2.0,15.0,0.0
Frank Gore Jr.,BUF,RB,0.0,0.0,0.0,3.0,0.0,0.0,0.0,0.0
Garrett Wilson,NYJ,WR,0.0,0.0,0.0,0.0,0.0,6.0,79.0,0.0
Geno Smith,NYJ,QB,215.0,0.0,0.0,7.0,0.0,0.0,0.0,0.0
George Holani,SEA,RB,0.0,0.0,0.0,29.0,0.0,0.0,0.0,0.0
George Kittle,SF,TE,0.0,0.0,0.0,0.0,0.0,2.0,12.0,0.0
George Pickens,DAL,WR,0.0,0.0,0.0,0.0,0.0,3.0,28.0,0.0
Greg Dulcich,MIA,TE,0.0,0.0,0.0,0.0,0.0,2.0,18.0,0.0
Gunnar Helm,TEN,TE,0.0,0.0,0.0,0.0,0.0,4.0,28.0,0.0
Harold Fannin Jr.,CLE,TE,0.0,0.0,0.0,0.0,0.0,2.0,21.0,0.0
Hunter Henry,NE,TE,0.0,0.0,0.0,0.0,0.0,3.0,26.0,0.0
Isaac TeSlaa,DET,WR,0.0,0.0,0.0,0.0,0.0,2.0,26.0,0.0
Isaiah Likely,NYG,TE,0.0,0.0,0.0,0.0,0.0,8.0,78.0,2.0
Isaiah Williams,NYJ,WR,0.0,0.0,0.0,0.0,0.0,1.0,7.0,0.0
J.K. Dobbins,DEN,RB,0.0,0.0,0.0,36.0,0.0,0.0,0.0,0.0
Ja'Kobi Lane,BAL,WR,0.0,0.0,0.0,0.0,0.0,1.0,11.0,0.0
Ja'Marr Chase,CIN,WR,0.0,0.0,0.0,0.0,0.0,2.0,12.0,0.0
Jack Bech,LV,WR,0.0,0.0,0.0,0.0,0.0,3.0,23.0,1.0
Jacoby Brissett,ARI,QB,277.0,1.0,0.0,14.0,0.0,0.0,0.0,0.0
Jacory Croskey-Merritt,WSH,RB,0.0,0.0,0.0,63.0,1.0,1.0,-7.0,0.0
Jadarian Price,SEA,RB,0.0,0.0,0.0,52.0,0.0,2.0,6.0,0.0
Jahan Dotson,ATL,WR,0.0,0.0,0.0,0.0,0.0,1.0,19.0,0.0
Jahdae Walker,CHI,WR,0.0,0.0,0.0,0.0,0.0,1.0,1.0,1.0
Jahmyr Gibbs,DET,RB,0.0,0.0,0.0,208.0,2.0,11.0,91.0,1.0
Jake Briningstool,KC,TE,0.0,0.0,0.0,0.0,0.0,1.0,9.0,0.0
Jake Ferguson,DAL,TE,0.0,0.0,0.0,0.0,0.0,2.0,6.0,0.0
Jakobi Meyers,JAX,WR,0.0,0.0,0.0,2.0,0.0,2.0,40.0,1.0
Jalen Coker,CAR,WR,0.0,0.0,0.0,0.0,0.0,8.0,138.0,2.0
Jalen Hurts,PHI,QB,203.0,3.0,0.0,46.0,0.0,0.0,0.0,0.0
Jalen Nailor,LV,WR,0.0,0.0,0.0,0.0,0.0,3.0,27.0,0.0
James Cook III,BUF,RB,0.0,0.0,0.0,192.0,1.0,4.0,16.0,0.0
Jameson Williams,DET,WR,0.0,0.0,0.0,0.0,0.0,6.0,78.0,0.0
Jared Goff,DET,QB,533.0,6.0,0.0,9.0,0.0,0.0,0.0,0.0
Jared Wayne,HOU,WR,0.0,0.0,0.0,0.0,0.0,1.0,12.0,0.0
Jauan Jennings,MIN,WR,0.0,0.0,0.0,0.0,0.0,0.0,0.0,0.0
Javonte Williams,DAL,RB,0.0,0.0,0.0,41.0,1.0,5.0,31.0,1.0
Jaxon Smith-Njigba,SEA,WR,0.0,0.0,0.0,0.0,0.0,8.0,122.0,1.0
Jaxson Dart,NYG,QB,230.0,3.0,0.0,54.0,0.0,0.0,0.0,0.0
Jayden Daniels,WSH,QB,164.0,2.0,0.0,31.0,0.0,0.0,0.0,0.0
Jayden Reed,GB,WR,0.0,0.0,0.0,0.0,0.0,3.0,20.0,0.0
Jaylen Waddle,DEN,WR,0.0,0.0,0.0,0.0,0.0,1.0,2.0,0.0
Jaylen Warren,PIT,RB,0.0,0.0,0.0,46.0,0.0,5.0,27.0,0.0
Jaylen Wright,MIA,RB,0.0,0.0,0.0,-1.0,0.0,0.0,0.0,0.0
Jaylin Lane,WSH,WR,0.0,0.0,0.0,0.0,0.0,1.0,4.0,0.0
Jaylin Noel,HOU,WR,0.0,0.0,0.0,0.0,0.0,2.0,53.0,0.0
Jeremiyah Love,ARI,RB,0.0,0.0,0.0,41.0,1.0,2.0,9.0,0.0
Jeremy Ruckert,NYJ,TE,0.0,0.0,0.0,0.0,0.0,1.0,4.0,0.0
Jerry Jeudy,CLE,WR,0.0,0.0,0.0,0.0,0.0,2.0,26.0,0.0
Joe Burrow,CIN,QB,254.0,1.0,1.0,20.0,0.0,0.0,0.0,0.0
John Bates,WSH,TE,0.0,0.0,0.0,0.0,0.0,2.0,13.0,0.0
Jonathan Mingo,DAL,WR,0.0,0.0,0.0,0.0,0.0,1.0,10.0,0.0
Jonathan Taylor,IND,RB,0.0,0.0,0.0,98.0,2.0,3.0,23.0,0.0
Jonathon Brooks,CAR,RB,0.0,0.0,0.0,14.0,0.0,1.0,48.0,0.0
Jonnu Smith,GB,TE,0.0,0.0,0.0,0.0,0.0,2.0,50.0,0.0
Jordan Addison,MIN,WR,0.0,0.0,0.0,0.0,0.0,0.0,0.0,0.0
Jordan Love,GB,QB,387.0,2.0,1.0,0.0,0.0,0.0,0.0,0.0
Jordan Mason,MIN,RB,0.0,0.0,0.0,59.0,1.0,0.0,0.0,0.0
Jordan Whittington,LAR,WR,0.0,0.0,0.0,0.0,0.0,1.0,8.0,0.0
Josh Allen,BUF,QB,582.0,5.0,0.0,92.0,4.0,0.0,0.0,0.0
Josh Cameron,JAX,WR,0.0,0.0,0.0,0.0,0.0,2.0,20.0,1.0
Josh Downs,IND,WR,0.0,0.0,0.0,0.0,0.0,2.0,37.0,0.0
Josh Oliver,MIN,TE,0.0,0.0,0.0,0.0,0.0,2.0,22.0,0.0
Joshua Palmer,BUF,WR,0.0,0.0,0.0,0.0,0.0,2.0,77.0,2.0
Justice Hill,BAL,RB,0.0,0.0,0.0,18.0,0.0,1.0,10.0,0.0
Justin Herbert,LAC,QB,209.0,1.0,1.0,29.0,0.0,0.0,0.0,0.0
Justin Jefferson,MIN,WR,0.0,0.0,0.0,0.0,0.0,8.0,92.0,2.0
Juwan Johnson,NO,TE,0.0,0.0,0.0,0.0,0.0,3.0,54.0,1.0
KC Concepcion,CLE,WR,0.0,0.0,0.0,15.0,0.0,4.0,43.0,0.0
KaVontae Turpin,DAL,WR,0.0,0.0,0.0,0.0,0.0,1.0,8.0,0.0
Kaelon Black,SF,RB,0.0,0.0,0.0,65.0,0.0,1.0,5.0,0.0
Kalif Raymond,CHI,WR,0.0,0.0,0.0,0.0,0.0,8.0,84.0,0.0
Kayshon Boutte,HOU,WR,0.0,0.0,0.0,0.0,0.0,1.0,21.0,0.0
Kaytron Allen,WSH,RB,0.0,0.0,0.0,16.0,0.0,0.0,0.0,0.0
Keaton Mitchell,LAC,RB,0.0,0.0,0.0,9.0,0.0,0.0,0.0,0.0
Keenan Allen,IND,WR,0.0,0.0,0.0,0.0,0.0,6.0,32.0,0.0
Kendre Miller,NO,RB,0.0,0.0,0.0,30.0,1.0,0.0,0.0,0.0
Kendrick Bourne,ARI,WR,0.0,0.0,0.0,0.0,0.0,8.0,75.0,0.0
Kenneth Walker III,KC,RB,0.0,0.0,0.0,173.0,1.0,3.0,18.0,1.0
Kenny Gainwell,TB,RB,0.0,0.0,0.0,15.0,0.0,1.0,3.0,0.0
Kenny Pickett,CAR,QB,0.0,0.0,0.0,24.0,0.0,0.0,0.0,0.0
Kenyon Sadiq,NYJ,TE,0.0,0.0,0.0,3.0,1.0,3.0,21.0,0.0
Keon Coleman,BUF,WR,0.0,0.0,0.0,0.0,0.0,7.0,64.0,0.0
Kevin Coleman Jr.,MIA,WR,0.0,0.0,0.0,0.0,0.0,0.0,0.0,0.0
Khalil Shakir,BUF,WR,0.0,0.0,0.0,0.0,0.0,7.0,88.0,0.0
Kirk Cousins,LV,QB,160.0,3.0,2.0,-6.0,0.0,0.0,0.0,0.0
Konata Mumpfield,LAR,WR,0.0,0.0,0.0,0.0,0.0,0.0,0.0,0.0
Kyle Monangai,CHI,RB,0.0,0.0,0.0,100.0,1.0,2.0,24.0,0.0
Kyle Pitts Sr.,ATL,TE,0.0,0.0,0.0,0.0,0.0,0.0,0.0,0.0
Kyler Murray,MIN,QB,18.0,0.0,1.0,9.0,0.0,0.0,0.0,0.0
Kyren Williams,LAR,RB,0.0,0.0,0.0,41.0,1.0,3.0,24.0,0.0
LaJohntay Wester,BAL,WR,0.0,0.0,0.0,0.0,0.0,2.0,15.0,0.0
Ladd McConkey,LAC,WR,0.0,0.0,0.0,0.0,0.0,5.0,82.0,1.0
Lamar Jackson,BAL,QB,324.0,1.0,0.0,40.0,1.0,0.0,0.0,0.0
Lan Larison,NE,RB,0.0,0.0,0.0,0.0,0.0,2.0,9.0,0.0
Laquon Treadwell,IND,WR,0.0,0.0,0.0,0.0,0.0,0.0,0.0,0.0
Luke Farrell,SF,TE,0.0,0.0,0.0,0.0,0.0,2.0,19.0,0.0
Luke Schoonmaker,DAL,TE,0.0,0.0,0.0,0.0,0.0,1.0,12.0,0.0
Luther Burden III,CHI,WR,0.0,0.0,0.0,2.0,0.0,5.0,63.0,0.0
Mack Hollins,NE,WR,0.0,0.0,0.0,0.0,0.0,4.0,51.0,0.0
Makai Lemon,PHI,WR,0.0,0.0,0.0,0.0,0.0,3.0,-5.0,0.0
Malachi Fields,NYG,WR,0.0,0.0,0.0,0.0,0.0,2.0,25.0,0.0
Malik Benson,LV,WR,0.0,0.0,0.0,-8.0,0.0,1.0,6.0,0.0
Malik Nabers,NYG,WR,0.0,0.0,0.0,0.0,0.0,6.0,69.0,0.0
Malik Washington,MIA,WR,0.0,0.0,0.0,0.0,0.0,3.0,53.0,0.0
Malik Willis,MIA,QB,220.0,0.0,1.0,39.0,1.0,0.0,0.0,0.0
MarShawn Lloyd,GB,RB,0.0,0.0,0.0,37.0,0.0,0.0,0.0,0.0
Mark Andrews,BAL,TE,0.0,0.0,0.0,0.0,0.0,4.0,49.0,0.0
Marlin Klein,HOU,TE,0.0,0.0,0.0,0.0,0.0,1.0,16.0,0.0
Marvin Harrison Jr.,ARI,WR,0.0,0.0,0.0,0.0,0.0,1.0,33.0,0.0
Mason Taylor,NYJ,TE,0.0,0.0,0.0,0.0,0.0,2.0,-2.0,0.0
Matthew Golden,GB,WR,0.0,0.0,0.0,0.0,0.0,6.0,95.0,0.0
Matthew Hibner,BAL,TE,0.0,0.0,0.0,0.0,0.0,1.0,13.0,0.0
Matthew Stafford,LAR,QB,155.0,0.0,1.0,-1.0,0.0,0.0,0.0,0.0
Michael Mayer,LV,TE,0.0,0.0,0.0,0.0,0.0,6.0,32.0,0.0
Michael Pittman Jr.,PIT,WR,0.0,0.0,0.0,0.0,0.0,3.0,58.0,0.0
Michael Wilson,ARI,WR,0.0,0.0,0.0,0.0,0.0,5.0,56.0,0.0
Mike Evans,SF,WR,0.0,0.0,0.0,0.0,0.0,6.0,49.0,1.0
Mike Gesicki,CIN,TE,0.0,0.0,0.0,0.0,0.0,5.0,78.0,1.0
Mike Washington Jr.,LV,RB,0.0,0.0,0.0,41.0,0.0,0.0,0.0,0.0
Mitchell Evans,CAR,TE,0.0,0.0,0.0,0.0,0.0,1.0,9.0,0.0
Nate Boerkircher,JAX,TE,0.0,0.0,0.0,0.0,0.0,1.0,9.0,0.0
Nick Mullens,JAX,QB,0.0,0.0,0.0,-3.0,0.0,0.0,0.0,0.0
Nico Collins,HOU,WR,0.0,0.0,0.0,7.0,0.0,7.0,75.0,1.0
Noah Fant,NO,TE,0.0,0.0,0.0,0.0,0.0,4.0,33.0,1.0
Noah Gray,KC,TE,0.0,0.0,0.0,0.0,0.0,1.0,5.0,0.0
Olamide Zaccheaus,ATL,WR,0.0,0.0,0.0,0.0,0.0,1.0,5.0,0.0
Omar Cooper Jr.,NYJ,WR,0.0,0.0,0.0,0.0,0.0,1.0,30.0,0.0
Omarion Hampton,LAC,RB,0.0,0.0,0.0,43.0,1.0,0.0,0.0,0.0
Oronde Gadsden,LAC,TE,0.0,0.0,0.0,0.0,0.0,2.0,32.0,0.0
Parker Washington,JAX,WR,0.0,0.0,0.0,0.0,0.0,5.0,83.0,1.0
Pat Bryant,DEN,WR,0.0,0.0,0.0,0.0,0.0,4.0,42.0,0.0
Pat Freiermuth,PIT,TE,0.0,0.0,0.0,0.0,0.0,5.0,46.0,1.0
Patrick Mahomes,KC,QB,184.0,2.0,1.0,23.0,1.0,0.0,0.0,0.0
Puka Nacua,LAR,WR,0.0,0.0,0.0,0.0,0.0,5.0,74.0,0.0
Quentin Johnston,LAC,WR,0.0,0.0,0.0,0.0,0.0,2.0,17.0,0.0
Quinshon Judkins,CLE,RB,0.0,0.0,0.0,33.0,0.0,2.0,17.0,0.0
Quintin Morris,JAX,TE,0.0,0.0,0.0,0.0,0.0,0.0,0.0,0.0
RJ Harvey,DEN,RB,0.0,0.0,0.0,18.0,0.0,4.0,23.0,0.0
Rachaad White,WSH,RB,0.0,0.0,0.0,22.0,0.0,2.0,5.0,0.0
Raheim Sanders,CLE,RB,0.0,0.0,0.0,1.0,0.0,3.0,25.0,0.0
Rashee Rice,KC,WR,0.0,0.0,0.0,0.0,0.0,2.0,19.0,1.0
Rashid Shaheed,SEA,WR,0.0,0.0,0.0,0.0,0.0,1.0,4.0,0.0
Rashod Bateman,BAL,WR,0.0,0.0,0.0,0.0,0.0,0.0,0.0,0.0
Ray Davis,BUF,RB,0.0,0.0,0.0,3.0,0.0,0.0,0.0,0.0
Rhamondre Stevenson,NE,RB,0.0,0.0,0.0,51.0,0.0,5.0,44.0,0.0
Rico Dowdle,PIT,RB,0.0,0.0,0.0,15.0,0.0,2.0,6.0,0.0
Roman Wilson,PIT,WR,0.0,0.0,0.0,0.0,0.0,3.0,26.0,0.0
Rome Odunze,CHI,WR,0.0,0.0,0.0,0.0,0.0,2.0,52.0,0.0
Romeo Doubs,NE,WR,0.0,0.0,0.0,0.0,0.0,0.0,0.0,0.0
Ronnie Rivers,LAR,RB,0.0,0.0,0.0,19.0,0.0,1.0,5.0,0.0
Ryan Flournoy,DAL,WR,0.0,0.0,0.0,0.0,0.0,2.0,22.0,0.0
Sam Darnold,SEA,QB,13.0,0.0,0.0,0.0,0.0,0.0,0.0,0.0
Sam LaPorta,DET,TE,0.0,0.0,0.0,0.0,0.0,11.0,100.0,1.0
Samaje Perine,CIN,RB,0.0,0.0,0.0,20.0,0.0,3.0,30.0,0.0
Saquon Barkley,PHI,RB,0.0,0.0,0.0,83.0,0.0,1.0,-3.0,0.0
Seth McGowan,IND,RB,0.0,0.0,0.0,0.0,0.0,1.0,0.0,0.0
Sione Vaki,DET,RB,0.0,0.0,0.0,14.0,0.0,2.0,24.0,0.0
Skyy Moore,GB,WR,0.0,0.0,0.0,0.0,0.0,0.0,0.0,0.0
Stefon Diggs,WSH,WR,0.0,0.0,0.0,0.0,0.0,4.0,55.0,1.0
Stetson Bennett IV,LAR,QB,13.0,0.0,0.0,9.0,0.0,0.0,0.0,0.0
T.J. Hockenson,MIN,TE,0.0,0.0,0.0,0.0,0.0,4.0,36.0,1.0
Tank Bigsby,PHI,RB,0.0,0.0,0.0,3.0,0.0,0.0,0.0,0.0
Tanner Hudson,CIN,TE,0.0,0.0,0.0,0.0,0.0,1.0,4.0,0.0
Ted Hurst III,TB,WR,0.0,0.0,0.0,0.0,0.0,3.0,36.0,0.0
Tee Higgins,CIN,WR,0.0,0.0,0.0,0.0,0.0,3.0,59.0,0.0
Terrance Ferguson,LAR,TE,0.0,0.0,0.0,0.0,0.0,0.0,0.0,0.0
Terry McLaurin,WSH,WR,0.0,0.0,0.0,0.0,0.0,2.0,14.0,0.0
Tetairoa McMillan,CAR,WR,0.0,0.0,0.0,0.0,0.0,5.0,75.0,0.0
Tez Johnson,TB,WR,0.0,0.0,0.0,-4.0,0.0,0.0,0.0,0.0
Theo Johnson,NYG,TE,0.0,0.0,0.0,0.0,0.0,1.0,9.0,0.0
Tommy Tremble,CAR,TE,0.0,0.0,0.0,0.0,0.0,3.0,25.0,0.0
Tony Pollard,TEN,RB,0.0,0.0,0.0,35.0,0.0,1.0,-1.0,0.0
Travis Etienne Jr.,NO,RB,0.0,0.0,0.0,46.0,0.0,7.0,32.0,0.0
Travis Hunter,JAX,WR,0.0,0.0,0.0,3.0,0.0,1.0,8.0,0.0
Travis Kelce,KC,TE,0.0,0.0,0.0,0.0,0.0,3.0,71.0,0.0
Tre Tucker,LV,WR,0.0,0.0,0.0,0.0,0.0,2.0,27.0,0.0
Tre' Harris,LAC,WR,0.0,0.0,0.0,0.0,0.0,3.0,20.0,0.0
Trevor Lawrence,JAX,QB,245.0,4.0,0.0,3.0,0.0,0.0,0.0,0.0
Trey McBride,ARI,TE,0.0,0.0,0.0,0.0,0.0,9.0,95.0,1.0
Troy Franklin,DEN,WR,0.0,0.0,0.0,5.0,0.0,0.0,0.0,0.0
Tucker Kraft,GB,TE,0.0,0.0,0.0,0.0,0.0,3.0,65.0,0.0
Tyjae Spears,TEN,RB,0.0,0.0,0.0,12.0,0.0,2.0,12.0,0.0
Tyler Allgeier,ARI,RB,0.0,0.0,0.0,61.0,0.0,2.0,9.0,0.0
Tyler Higbee,LAR,TE,0.0,0.0,0.0,0.0,0.0,2.0,12.0,0.0
Tyler Shough,NO,QB,410.0,3.0,2.0,8.0,0.0,0.0,0.0,0.0
Tyler Warren,IND,TE,0.0,0.0,0.0,0.0,0.0,3.0,13.0,1.0
Tyquan Thornton,KC,WR,0.0,0.0,0.0,0.0,0.0,0.0,0.0,0.0
Tyrone Tracy Jr.,NYG,RB,0.0,0.0,0.0,14.0,0.0,0.0,0.0,0.0
Wan'Dale Robinson,TEN,WR,0.0,0.0,0.0,0.0,0.0,5.0,38.0,0.0
Will Kacmarek,MIA,TE,0.0,0.0,0.0,0.0,0.0,0.0,0.0,0.0
Will Shipley,PHI,RB,0.0,0.0,0.0,4.0,0.0,1.0,8.0,0.0
Woody Marks,HOU,RB,0.0,0.0,0.0,42.0,0.0,1.0,-2.0,0.0
Xavier Hutchinson,HOU,WR,0.0,0.0,0.0,0.0,0.0,3.0,32.0,0.0
Xavier Legette,CAR,WR,0.0,0.0,0.0,0.0,0.0,0.0,0.0,0.0
Xavier Worthy,KC,WR,0.0,0.0,0.0,0.0,0.0,3.0,18.0,0.0
Zay Flowers,BAL,WR,0.0,0.0,0.0,0.0,0.0,5.0,150.0,1.0
