Game ID,Date,Week,Team,Opponent,Pass Yards,Pass TD,Rush Attempts,Rush Yards,Rush TD,Receptions,Receiving Yards,Receiving TD,Targets,PPR Points,Offensive Yards,Total TD Made,Pass Yards Allowed,Passing TD Allowed,Rush Attempts Allowed,Rush Yards Allowed,Rushing TD Allowed,Receptions Allowed,Receiving Yards Allowed,Receiving TD Allowed,Targets Allowed,Offensive Yards Allowed,Total TD Allowed
401872926,2026-09-13,1,ARI,LAC,277,1,34,116,1,27,277,1,37,93.38,393,2,209,1,21,81,1,17,209,1,27,290,2
401872658,2026-09-13,1,ATL,PIT,143,1,31,120,0,12,143,1,19,50.02,263,1,221,1,21,58,0,24,221,1,37,279,1
401872659,2026-09-13,1,BAL,IND,324,1,37,202,4,17,324,1,24,116.56,526,5,166,1,20,102,2,19,166,1,29,268,3
401872660,2026-09-13,1,BUF,HOU,334,2,21,86,2,20,334,2,28,107.36,420,4,274,2,32,124,2,26,274,2,37,398,4
401872661,2026-09-13,1,CAR,CHI,361,3,22,125,2,23,361,3,34,126.03999999999999,486,5,269,2,39,291,6,21,269,2,26,560,8
401872661,2026-09-13,1,CHI,CAR,269,2,39,291,6,21,269,2,26,143.76,560,8,361,3,22,125,2,23,361,3,34,486,5
401872925,2026-09-13,1,CIN,TB,254,1,27,106,1,25,254,1,34,85.16,360,2,216,0,20,89,2,23,216,0,27,305,2
401872922,2026-09-13,1,CLE,JAX,205,1,22,87,0,16,205,1,22,61.4,292,1,245,4,32,126,0,18,245,4,21,371,4
401872930,2026-09-14,1,DAL,NYG,175,2,18,69,1,22,175,2,30,77.4,244,3,230,3,37,165,1,23,230,3,29,395,4
401872931,2026-09-15,1,DEN,KC,131,1,15,61,0,17,131,1,27,49.44,192,1,184,2,38,220,2,15,184,2,25,404,4
401872923,2026-09-13,1,DET,NO,206,2,33,165,2,26,206,2,39,103.34,371,4,410,3,25,91,1,35,410,3,52,501,4
401872927,2026-09-13,1,GB,MIN,387,2,21,66,0,21,387,2,40,99.78,453,2,151,3,34,107,2,15,151,3,23,258,5
401872660,2026-09-13,1,HOU,BUF,274,2,32,124,2,26,274,2,37,108.76,398,4,334,2,21,86,2,20,334,2,28,420,4
401872659,2026-09-13,1,IND,BAL,166,1,20,102,2,19,166,1,29,72.44,268,3,324,1,37,202,4,17,324,1,24,526,5
401872922,2026-09-13,1,JAX,CLE,245,4,32,126,0,18,245,4,21,104.9,371,4,205,1,22,87,0,16,205,1,22,292,1
401872931,2026-09-15,1,KC,DEN,184,2,38,220,2,15,184,2,25,92.76,404,4,131,1,15,61,0,17,131,1,27,192,1
401872926,2026-09-13,1,LAC,ARI,209,1,21,81,1,17,209,1,27,68.36,290,2,277,1,34,116,1,27,277,1,37,393,2
401872657,2026-09-11,1,LAR,SF,168,0,29,122,1,17,168,0,27,56.72,290,1,205,3,30,174,0,25,205,3,34,379,3
401872928,2026-09-13,1,LV,MIA,160,3,37,130,0,21,160,3,29,82.4,290,3,220,0,18,74,1,15,220,0,27,294,1
401872928,2026-09-13,1,MIA,LV,220,0,18,74,1,15,220,0,27,57.2,294,1,160,3,37,130,0,21,160,3,29,290,3
401872927,2026-09-13,1,MIN,GB,151,3,34,107,2,15,151,3,23,86.84,258,5,387,2,21,66,0,21,387,2,40,453,2
401872656,2026-09-10,1,NE,SEA,178,1,31,109,0,23,178,1,31,62.82,287,1,200,1,22,97,0,17,200,1,24,297,1
401872923,2026-09-13,1,NO,DET,410,3,25,91,1,35,410,3,52,133.5,501,4,206,2,33,165,2,26,206,2,39,371,4
401872930,2026-09-14,1,NYG,DAL,230,3,37,165,1,23,230,3,29,107.7,395,4,175,2,18,69,1,22,175,2,30,244,3
401872924,2026-09-13,1,NYJ,TEN,215,0,39,152,2,19,215,0,23,76.3,367,2,140,1,14,68,0,19,140,1,28,208,1
401872929,2026-09-13,1,PHI,WSH,203,3,25,136,0,14,203,3,22,86.02,339,3,164,2,32,132,1,18,164,2,29,296,3
401872658,2026-09-13,1,PIT,ATL,221,1,21,58,0,24,221,1,37,70.74,279,1,143,1,31,120,0,12,143,1,19,263,1
401872656,2026-09-10,1,SEA,NE,200,1,22,97,0,17,200,1,24,64.7,297,1,178,1,31,109,0,23,178,1,31,287,1
401872657,2026-09-11,1,SF,LAR,205,3,30,174,0,25,205,3,34,99.1,379,3,168,0,29,122,1,17,168,0,27,290,1
401872925,2026-09-13,1,TB,CIN,216,0,20,89,2,23,216,0,27,74.14,305,2,254,1,27,106,1,25,254,1,34,360,2
401872924,2026-09-13,1,TEN,NYJ,140,1,14,68,0,19,140,1,28,55.4,208,1,215,0,39,152,2,19,215,0,23,367,2
401872929,2026-09-13,1,WSH,PHI,164,2,32,132,1,18,164,2,29,80.16,296,3,203,3,25,136,0,14,203,3,22,339,3
401872943,2026-09-20,2,ARI,SEA,95,1,17,70,0,17,95,1,26,45.300000000000004,165,1,235,3,40,162,1,19,235,3,26,397,4
401872933,2026-09-20,2,ATL,CAR,145,0,32,157,0,18,145,0,31,48.0,302,0,287,3,22,68,0,23,287,3,32,355,3
401872938,2026-09-20,2,BAL,NO,235,1,22,108,1,21,235,1,29,78.7,343,2,252,1,27,65,1,27,252,1,32,317,2
401872932,2026-09-18,2,BUF,DET,248,3,36,203,3,20,248,3,28,123.02,451,6,327,4,20,66,0,26,327,4,38,393,4
401872933,2026-09-20,2,CAR,ATL,287,3,22,68,0,23,287,3,32,99.97999999999999,355,3,145,0,32,157,0,18,145,0,31,302,0
401872937,2026-09-20,2,CHI,MIN,192,0,31,134,0,20,192,0,30,58.28,326,0,143,0,28,119,0,11,143,0,19,262,0
401872934,2026-09-20,2,CIN,HOU,207,2,23,85,0,20,207,2,31,77.47999999999999,292,2,353,0,18,60,0,30,353,0,50,413,0
401872935,2026-09-20,2,CLE,TB,238,2,23,44,0,24,238,2,30,81.72,282,2,182,1,25,137,0,21,182,1,33,319,1
401872944,2026-09-20,2,DAL,WSH,279,4,21,66,0,26,279,4,31,111.66,345,4,207,2,32,182,0,23,207,2,34,389,2
401872940,2026-09-20,2,DEN,JAX,288,1,28,104,1,22,288,1,29,86.72,392,2,189,0,24,95,1,17,189,0,28,284,1
401872932,2026-09-18,2,DET,BUF,327,4,20,66,0,26,327,4,38,118.38,393,4,248,3,36,203,3,20,248,3,28,451,6
401872936,2026-09-20,2,GB,NYJ,145,2,18,63,0,16,145,2,29,62.6,208,2,247,1,27,67,1,27,247,1,36,314,2
401872934,2026-09-20,2,HOU,CIN,353,0,18,60,0,30,353,0,50,85.42,413,0,207,2,23,85,0,20,207,2,31,292,2
401872945,2026-09-21,2,IND,KC,210,1,32,119,2,22,210,1,30,83.3,329,3,382,3,29,152,0,32,382,3,43,534,3
401872940,2026-09-20,2,JAX,DEN,189,0,24,95,1,17,189,0,28,56.96,284,1,288,1,28,104,1,22,288,1,29,392,2
401872945,2026-09-21,2,KC,IND,382,3,29,152,0,32,382,3,43,130.68,534,3,210,1,32,119,2,22,210,1,30,329,3
401872941,2026-09-20,2,LAC,LV,192,1,32,127,1,15,192,1,26,66.58,319,2,253,3,29,57,0,19,253,3,29,310,3
401872947,2026-09-22,2,LAR,NYG,327,4,28,163,0,22,327,4,30,122.08,490,4,131,0,21,52,0,14,131,0,32,183,0
401872941,2026-09-20,2,LV,LAC,253,3,29,57,0,19,253,3,29,88.12,310,3,192,1,32,127,1,15,192,1,26,319,2
401872942,2026-09-20,2,MIA,SF,197,1,29,102,0,14,197,1,23,61.78,299,1,287,2,27,95,3,20,287,2,21,382,5
401872937,2026-09-20,2,MIN,CHI,143,0,28,119,0,11,143,0,19,42.92,262,0,192,0,31,134,0,20,192,0,30,326,0
401872946,2026-09-20,2,NE,PIT,208,0,28,136,1,14,208,0,21,60.72,344,1,187,0,23,91,0,23,187,0,37,278,0
401872938,2026-09-20,2,NO,BAL,252,1,27,65,1,27,252,1,32,84.78,317,2,235,1,22,108,1,21,235,1,29,343,2
401872947,2026-09-22,2,NYG,LAR,131,0,21,52,0,14,131,0,32,35.54,183,0,327,4,28,163,0,22,327,4,30,490,4
401872936,2026-09-20,2,NYJ,GB,247,1,27,67,1,27,247,1,36,84.28,314,2,145,2,18,63,0,16,145,2,29,208,2
401872939,2026-09-20,2,PHI,TEN,264,2,32,89,1,26,264,2,34,93.86,353,3,183,0,29,122,2,13,183,0,17,305,2
401872946,2026-09-20,2,PIT,NE,187,0,23,91,0,23,187,0,37,56.28,278,0,208,0,28,136,1,14,208,0,21,344,1
401872943,2026-09-20,2,SEA,ARI,235,3,40,162,1,19,235,3,26,104.1,397,4,95,1,17,70,0,17,95,1,26,165,1
401872942,2026-09-20,2,SF,MIA,287,2,27,95,3,20,287,2,21,107.68,382,5,197,1,29,102,0,14,197,1,23,299,1
401872935,2026-09-20,2,TB,CLE,182,1,25,137,0,21,182,1,33,68.18,319,1,238,2,23,44,0,24,238,2,30,282,2
401872939,2026-09-20,2,TEN,PHI,183,0,29,122,2,13,183,0,17,62.82,305,2,264,2,32,89,1,26,264,2,34,353,3
401872944,2026-09-20,2,WSH,DAL,207,2,32,182,0,23,207,2,34,90.18,389,2,279,4,21,66,0,26,279,4,31,345,4
401872958,2026-09-27,3,ARI,SF,280,2,27,93,1,38,280,2,50,112.5,373,3,297,4,23,140,1,15,297,4,26,437,5
401872948,2026-09-25,3,ATL,GB,256,1,41,242,3,18,256,1,23,104.03999999999999,498,4,312,2,9,17,0,28,312,2,51,329,2
401872960,2026-09-27,3,BAL,DAL,186,2,38,192,2,15,186,2,20,92.24,378,4,276,1,30,148,2,25,276,1,40,424,3
401872953,2026-09-27,3,BUF,LAC,204,0,33,176,3,16,204,0,26,76.16,380,3,226,1,28,131,0,20,226,1,33,357,1
401872949,2026-09-27,3,CAR,CLE,291,1,23,98,0,26,291,1,42,84.54,389,1,144,2,30,132,0,17,144,2,30,276,2
401872963,2026-09-29,3,CHI,PHI,247,2,35,128,1,24,247,2,34,97.38000000000001,375,3,153,0,19,107,1,16,153,0,25,260,1
401872950,2026-09-27,3,CIN,PIT,282,3,18,83,0,28,282,3,37,105.78,365,3,292,3,23,138,0,19,292,3,31,430,3
401872949,2026-09-27,3,CLE,CAR,144,2,30,132,0,17,144,2,30,70.36,276,2,291,1,23,98,0,26,291,1,42,389,1
401872960,2026-09-27,3,DAL,BAL,276,1,30,148,2,25,276,1,40,100.44,424,3,186,2,38,192,2,15,186,2,20,378,4
401872962,2026-09-28,3,DEN,LAR,186,2,25,78,1,17,186,2,31,74.84,264,3,390,2,23,116,0,30,390,2,49,506,2
401872954,2026-09-27,3,DET,NYJ,269,2,30,131,2,25,269,2,31,107.75999999999999,400,4,321,3,19,58,0,31,321,3,36,379,3
401872948,2026-09-25,3,GB,ATL,312,2,9,17,0,28,312,2,51,91.38,329,2,256,1,41,242,3,18,256,1,23,498,4
401872951,2026-09-27,3,HOU,IND,167,1,21,70,1,16,167,1,25,62.379999999999995,237,2,235,1,31,89,0,24,235,1,35,324,1
401872951,2026-09-27,3,IND,HOU,235,1,31,89,0,24,235,1,35,73.8,324,1,167,1,21,70,1,16,167,1,25,237,2
401872957,2026-09-27,3,JAX,NE,182,3,30,137,2,19,182,3,27,98.18,319,5,245,0,26,83,0,18,245,0,30,328,0
401872952,2026-09-27,3,KC,MIA,246,2,25,88,1,20,246,2,23,87.24,334,3,210,0,31,119,1,20,210,0,35,329,1
401872953,2026-09-27,3,LAC,BUF,226,1,28,131,0,20,226,1,33,72.74,357,1,204,0,33,176,3,16,204,0,26,380,3
401872962,2026-09-28,3,LAR,DEN,390,2,23,116,0,30,390,2,49,112.19999999999999,506,2,186,2,25,78,1,17,186,2,31,264,3
401872961,2026-09-27,3,LV,NO,248,3,27,113,1,22,248,3,30,104.02,361,4,255,4,28,148,0,29,255,4,40,403,4
401872952,2026-09-27,3,MIA,KC,210,0,31,119,1,20,210,0,35,65.3,329,1,246,2,25,88,1,20,246,2,23,334,3
401872959,2026-09-27,3,MIN,TB,168,1,23,78,0,15,168,1,25,54.32,246,1,217,1,21,57,0,17,217,1,36,274,1
401872957,2026-09-27,3,NE,JAX,245,0,26,83,0,18,245,0,30,56.6,328,0,182,3,30,137,2,19,182,3,27,319,5
401872961,2026-09-27,3,NO,LV,255,4,28,148,0,29,255,4,40,117.5,403,4,248,3,27,113,1,22,248,3,30,361,4
401872956,2026-09-27,3,NYG,TEN,118,0,33,138,0,14,118,0,21,44.32,256,0,181,1,21,81,0,23,181,1,35,262,1
401872954,2026-09-27,3,NYJ,DET,321,3,19,58,0,31,321,3,36,111.74,379,3,269,2,30,131,2,25,269,2,31,400,4
401872963,2026-09-29,3,PHI,CHI,153,0,19,107,1,16,153,0,25,50.120000000000005,260,1,247,2,35,128,1,24,247,2,34,375,3
401872950,2026-09-27,3,PIT,CIN,292,3,23,138,0,19,292,3,31,101.68,430,3,282,3,18,83,0,28,282,3,37,365,3
401872955,2026-09-27,3,SEA,WSH,393,4,18,44,0,32,393,4,45,127.42,437,4,183,3,32,82,0,19,183,3,30,265,3
401872958,2026-09-27,3,SF,ARI,297,4,23,140,1,15,297,4,26,116.58,437,5,280,2,27,93,1,38,280,2,50,373,3
401872959,2026-09-27,3,TB,MIN,217,1,21,57,0,17,217,1,36,59.08,274,1,168,1,23,78,0,15,168,1,25,246,1
401872956,2026-09-27,3,TEN,NYG,181,1,21,81,0,23,181,1,35,64.44,262,1,118,0,33,138,0,14,118,0,21,256,0
401872955,2026-09-27,3,WSH,SEA,183,3,32,82,0,19,183,3,30,82.82,265,3,393,4,18,44,0,32,393,4,45,437,4
