Team,Games Played,EPA/Play,Success Rate,Pass EPA/Play,Rush EPA/Play,Last3 EPA/Play,Last3 Success Rate,Side
DET,4,0.203,0.492,0.285,0.025,0.201,0.475,Defense
DAL,5,0.182,0.509,0.382,-0.063,0.175,0.487,Defense
NO,4,0.153,0.521,0.208,0.081,0.29,0.52,Defense
BUF,4,0.117,0.491,0.215,-0.05,0.068,0.497,Defense
MIA,4,0.092,0.467,0.276,-0.137,0.04,0.457,Defense
ARI,4,0.085,0.445,0.337,-0.229,0.165,0.442,Defense
GB,4,0.07,0.466,0.155,-0.039,0.158,0.55,Defense
HOU,4,0.064,0.402,0.175,-0.126,0.052,0.436,Defense
PHI,4,0.062,0.467,0.107,-0.003,0.069,0.503,Defense
DEN,4,0.046,0.436,0.038,0.058,0.052,0.442,Defense
IND,4,0.039,0.435,0.089,-0.042,-0.16,0.347,Defense
TEN,4,0.038,0.423,0.197,-0.117,-0.009,0.408,Defense
NYG,4,0.031,0.467,0.08,-0.055,-0.176,0.429,Defense
WSH,4,0.029,0.46,0.103,-0.113,-0.055,0.466,Defense
NYJ,4,0.024,0.496,0.13,-0.129,0.144,0.582,Defense
CAR,4,0.016,0.431,0.083,-0.099,0.079,0.417,Defense
CLE,4,0.016,0.447,0.045,-0.034,0.004,0.429,Defense
BAL,4,0.008,0.438,0.028,-0.027,0.038,0.438,Defense
SF,4,0.007,0.445,0.082,-0.108,0.107,0.467,Defense
PIT,4,-0.003,0.461,0.056,-0.087,0.191,0.521,Defense
NE,4,-0.011,0.418,-0.034,0.028,0.152,0.45,Defense
LAC,4,-0.021,0.431,0.069,-0.12,-0.077,0.439,Defense
CIN,4,-0.023,0.431,0.012,-0.099,0.15,0.449,Defense
KC,4,-0.031,0.424,0.034,-0.145,-0.019,0.416,Defense
ATL,4,-0.055,0.378,0.035,-0.307,-0.005,0.386,Defense
TB,5,-0.059,0.424,0.021,-0.203,-0.104,0.398,Defense
JAX,4,-0.063,0.434,-0.023,-0.147,-0.093,0.417,Defense
CHI,4,-0.066,0.411,-0.096,-0.019,-0.223,0.402,Defense
LAR,4,-0.098,0.402,-0.075,-0.13,-0.114,0.367,Defense
SEA,4,-0.103,0.375,-0.018,-0.238,-0.044,0.37,Defense
LV,4,-0.122,0.422,-0.083,-0.183,0.017,0.493,Defense
MIN,4,-0.209,0.317,-0.177,-0.268,-0.276,0.278,Defense
SF,4,0.274,0.541,0.539,-0.056,0.274,0.526,Offense
BUF,4,0.195,0.478,0.27,0.081,0.018,0.444,Offense
BAL,4,0.16,0.502,0.328,-0.032,0.164,0.468,Offense
DAL,5,0.157,0.492,0.244,-0.036,0.107,0.476,Offense
KC,4,0.157,0.481,0.198,0.099,0.151,0.482,Offense
DET,4,0.144,0.496,0.274,-0.093,0.175,0.522,Offense
JAX,4,0.137,0.483,0.212,0.049,0.152,0.45,Offense
CHI,4,0.116,0.487,0.264,-0.048,0.117,0.544,Offense
CAR,4,0.086,0.433,0.212,-0.159,0.088,0.43,Offense
CIN,4,0.046,0.447,0.11,-0.104,0.134,0.496,Offense
LV,4,0.03,0.442,0.215,-0.238,0.107,0.483,Offense
SEA,4,0.019,0.451,0.199,-0.196,-0.056,0.456,Offense
NYJ,4,0.018,0.434,0.159,-0.204,0.028,0.439,Offense
NO,4,0.01,0.451,0.048,-0.078,-0.053,0.459,Offense
LAR,4,0.006,0.463,0.056,-0.086,0.007,0.449,Offense
CLE,4,-0.006,0.439,0.166,-0.308,0.062,0.438,Offense
ARI,4,-0.019,0.462,0.01,-0.069,-0.007,0.49,Offense
DEN,4,-0.021,0.412,0.013,-0.079,0.046,0.403,Offense
ATL,4,-0.025,0.486,-0.174,0.11,0.392,0.621,Offense
HOU,4,-0.03,0.426,0.072,-0.245,0.05,0.449,Offense
WSH,4,-0.036,0.386,0.042,-0.164,-0.123,0.305,Offense
NE,4,-0.039,0.433,0.045,-0.168,-0.013,0.445,Offense
NYG,4,-0.047,0.406,0.061,-0.164,-0.104,0.362,Offense
IND,4,-0.048,0.437,-0.171,0.121,-0.101,0.415,Offense
PIT,4,-0.072,0.426,-0.092,-0.024,0.151,0.492,Offense
GB,4,-0.074,0.388,0.072,-0.406,0.021,0.423,Offense
TEN,4,-0.074,0.412,-0.079,-0.067,-0.098,0.398,Offense
MIN,4,-0.084,0.347,-0.048,-0.134,-0.161,0.328,Offense
TB,5,-0.092,0.41,-0.132,-0.023,-0.061,0.393,Offense
PHI,4,-0.11,0.367,-0.084,-0.149,-0.279,0.36,Offense
MIA,4,-0.144,0.348,-0.099,-0.214,-0.165,0.321,Offense
LAC,4,-0.146,0.408,-0.115,-0.193,-0.064,0.443,Offense
