Game ID,Week,Team,Opponent,Home/Away,Final Score,Opponent Score,Total Yards,Total Plays,EPA/Play,Pass Completions,Pass Attempts,Pass Yards,EPA/Pass,Rush Attempts,Rush Yards,EPA/Rush,First Downs,Third Down Conversions,Third Down Attempts,Interceptions Thrown,Fumbles Lost,Sacks Taken,Sack Yards,Sack EPA,Penalties,Penalty Yards,Penalty EPA
2026_01_ARI_LAC,1,ARI,LAC,Away,26,14,393,72,0.117,27,38,277,0.237,34,116,-0.018,22,6,14,0,0,1,0,-1.6,8,111,2.08
2026_01_ARI_LAC,1,LAC,ARI,Home,14,26,268,51,-0.244,17,30,187,-0.187,21,81,-0.325,15,2,8,1,1,3,-22,-5.62,7,64,-2.47
2026_01_ATL_PIT,1,ATL,PIT,Away,13,20,238,57,-0.321,12,26,118,-0.606,31,120,-0.082,14,2,12,2,0,4,-25,-6.99,9,96,2.05
2026_01_ATL_PIT,1,PIT,ATL,Home,20,13,264,64,-0.311,24,43,206,-0.324,21,58,-0.285,13,3,13,0,1,2,-15,-2.98,7,52,2.02
2026_01_BAL_IND,1,BAL,IND,Away,41,23,506,64,0.266,17,27,304,0.383,37,202,0.18,23,3,9,0,1,2,-20,-7.44,10,86,-8.83
2026_01_BAL_IND,1,IND,BAL,Home,23,41,251,53,-0.241,19,33,149,-0.462,20,102,0.122,16,3,10,1,1,2,-17,-5.27,4,29,-1.05
2026_01_BUF_HOU,1,BUF,HOU,Away,36,31,409,53,0.225,20,32,323,0.454,21,86,-0.124,18,3,9,0,0,2,-11,-3.27,10,85,2.39
2026_01_BUF_HOU,1,HOU,BUF,Home,31,36,381,73,0.069,26,41,257,0.036,32,124,0.11,21,7,16,0,2,3,-17,-8.66,7,106,1.0
2026_01_CHI_CAR,1,CAR,CHI,Home,37,59,478,62,0.182,23,40,353,0.251,22,125,0.055,22,4,9,1,1,2,-8,-3.96,11,84,-5.79
2026_01_CHI_CAR,1,CHI,CAR,Away,59,37,552,70,0.409,21,31,261,0.449,39,291,0.378,24,10,14,0,1,2,-8,-2.49,12,57,0.92
2026_01_CLE_JAX,1,CLE,JAX,Away,10,34,272,49,-0.184,16,27,185,-0.364,22,87,0.037,14,1,8,1,1,5,-20,-8.62,11,75,-4.23
2026_01_CLE_JAX,1,JAX,CLE,Home,34,10,360,56,0.32,18,24,234,0.793,32,126,-0.034,21,5,10,0,0,1,-11,-2.0,4,25,-3.07
2026_01_DAL_NYG,1,DAL,NYG,Away,20,28,244,52,0.221,22,34,175,0.305,18,69,0.061,16,8,11,1,0,0,0,0.0,9,90,2.34
2026_01_DAL_NYG,1,NYG,DAL,Home,28,20,394,68,0.312,23,31,229,0.707,37,165,-0.018,26,9,11,0,1,2,-1,-0.93,10,114,8.07
2026_01_DEN_KC,1,DEN,KC,Away,10,31,176,47,-0.337,17,32,115,-0.449,15,61,-0.096,8,2,12,1,1,4,-16,-6.66,7,52,-1.15
2026_01_DEN_KC,1,KC,DEN,Home,31,10,392,67,0.093,15,29,172,-0.079,38,220,0.225,18,9,17,1,0,2,-12,-3.8,7,60,-2.19
2026_01_GB_MIN,1,GB,MIN,Away,22,39,419,67,-0.175,21,46,353,-0.059,21,66,-0.429,19,3,12,1,1,4,-34,-9.39,12,98,8.68
2026_01_GB_MIN,1,MIN,GB,Home,39,22,241,62,-0.019,15,28,134,0.019,34,107,-0.049,15,8,15,1,0,3,-19,-4.68,3,15,-0.14
2026_01_MIA_LV,1,LV,MIA,Home,27,13,290,67,-0.068,21,30,160,0.013,37,130,-0.134,20,5,13,2,0,0,0,0.0,6,29,0.54
2026_01_MIA_LV,1,MIA,LV,Away,13,27,259,50,-0.236,15,32,185,-0.288,18,74,-0.142,11,2,10,1,1,5,-35,-8.52,8,61,-1.16
2026_01_NE_SEA,1,NE,SEA,Away,10,13,277,67,-0.11,23,36,168,-0.128,31,109,-0.088,17,5,16,3,0,3,-10,-2.05,7,50,-3.63
2026_01_NE_SEA,1,SEA,NE,Home,13,10,285,48,0.064,17,26,188,0.168,22,97,-0.058,13,2,11,0,0,2,-12,-3.36,10,98,4.7
2026_01_NO_DET,1,DET,NO,Home,31,30,369,73,0.0,26,40,204,0.018,33,165,-0.021,25,5,13,0,1,1,-2,-0.53,8,61,1.35
2026_01_NO_DET,1,NO,DET,Away,30,31,469,87,-0.031,35,62,378,-0.016,25,91,-0.066,26,8,17,2,1,5,-32,-10.46,6,53,0.25
2026_01_NYJ_TEN,1,NYJ,TEN,Away,23,10,367,63,0.119,19,24,215,0.406,39,152,-0.057,18,2,12,0,0,0,0,0.0,8,48,-5.49
2026_01_NYJ_TEN,1,TEN,NYJ,Home,10,23,195,49,-0.119,19,35,127,-0.21,14,68,0.11,10,4,12,0,0,3,-13,-4.2,4,25,-0.04
2026_01_SF_LA,1,LAR,SF,Home,7,27,290,57,-0.26,17,28,168,-0.394,29,122,-0.131,13,2,9,1,1,0,0,0.0,4,43,-2.45
2026_01_SF_LA,1,SF,LAR,Away,27,7,379,64,0.179,25,34,205,0.142,30,174,0.221,22,7,12,1,0,0,0,0.0,2,21,4.02
2026_01_TB_CIN,1,CIN,TB,Home,33,27,351,63,-0.052,25,36,245,-0.073,27,106,-0.024,24,8,14,1,0,1,-9,-2.76,7,47,4.09
2026_01_TB_CIN,1,TB,CIN,Away,27,33,282,52,-0.182,23,32,193,-0.247,20,89,-0.077,17,5,10,0,4,4,-23,-15.44,8,39,0.28
2026_01_WAS_PHI,1,PHI,WSH,Home,24,22,318,53,0.068,14,28,182,0.045,25,136,0.094,10,6,14,0,0,3,-21,-5.1,5,40,-2.38
2026_01_WAS_PHI,1,WSH,PHI,Away,22,24,295,68,0.06,18,36,163,0.108,32,132,0.005,19,5,15,0,0,1,-1,-1.01,6,45,-0.43
2026_02_CAR_ATL,2,ATL,CAR,Home,3,34,286,67,-0.473,18,35,129,-0.716,32,157,-0.208,17,4,13,3,2,3,-16,-8.0,6,39,-2.4
2026_02_CAR_ATL,2,CAR,ATL,Away,34,3,340,60,0.1,23,38,272,0.291,22,68,-0.23,17,6,14,0,0,2,-15,-2.67,9,63,-8.37
2026_02_CIN_HOU,2,CIN,HOU,Away,20,6,267,59,-0.09,20,36,182,-0.015,23,85,-0.208,12,5,15,0,0,5,-25,-6.0,12,78,1.07
2026_02_CIN_HOU,2,HOU,CIN,Home,6,20,374,78,-0.248,30,60,314,-0.161,18,60,-0.538,18,5,17,0,0,4,-39,-7.15,9,83,-6.18
2026_02_CLE_TB,2,CLE,TB,Away,23,19,267,55,0.009,24,32,223,0.324,23,44,-0.429,14,5,13,0,0,2,-15,-2.21,6,50,-1.36
2026_02_CLE_TB,2,TB,CLE,Home,19,23,313,62,-0.146,21,37,176,-0.367,25,137,0.18,16,7,16,1,0,3,-6,-3.02,6,62,-1.09
2026_02_DET_BUF,2,BUF,DET,Home,41,31,446,69,0.36,20,33,243,0.456,36,203,0.272,31,9,12,0,0,2,-5,-1.78,5,46,3.4
2026_02_DET_BUF,2,DET,BUF,Away,31,41,355,62,0.232,26,42,289,0.442,20,66,-0.208,22,4,11,0,0,4,-38,-7.67,10,58,4.41
2026_02_GB_NYJ,2,GB,NYJ,Away,20,17,199,50,-0.222,16,32,136,-0.099,18,63,-0.441,12,1,9,0,1,3,-9,-1.59,14,133,3.2
2026_02_GB_NYJ,2,NYJ,GB,Home,17,20,285,72,-0.105,27,45,218,0.095,27,67,-0.439,19,8,19,0,0,4,-29,-5.05,13,156,8.8
2026_02_IND_KC,2,IND,KC,Away,30,33,329,63,0.154,22,31,210,0.19,32,119,0.12,21,5,12,1,0,0,0,0.0,5,30,-2.83
2026_02_IND_KC,2,KC,IND,Home,33,30,523,78,0.229,32,49,371,0.274,29,152,0.153,29,5,13,0,0,2,-11,-1.96,8,86,4.1
2026_02_JAX_DEN,2,DEN,JAX,Home,20,13,392,59,0.062,22,31,288,0.272,28,104,-0.171,20,4,11,1,0,0,0,0.0,10,53,-0.28
2026_02_JAX_DEN,2,JAX,DEN,Away,13,20,268,55,-0.048,17,31,173,-0.133,24,95,0.062,19,5,12,1,0,2,-16,-3.97,3,18,0.96
2026_02_LV_LAC,2,LAC,LV,Home,14,26,310,62,-0.261,15,30,183,-0.019,32,127,-0.488,15,5,14,2,1,3,-9,-3.25,8,45,-4.35
2026_02_LV_LAC,2,LV,LAC,Away,26,14,305,60,-0.126,19,31,248,0.193,29,57,-0.466,13,4,14,1,0,2,-5,-2.37,6,42,0.58
2026_02_MIA_SF,2,MIA,SF,Away,13,35,284,56,-0.001,14,27,182,0.165,29,102,-0.156,12,7,15,0,0,4,-15,-4.4,7,50,-3.87
2026_02_MIA_SF,2,SF,MIA,Home,35,13,382,49,0.442,20,22,287,1.06,27,95,-0.063,22,5,7,0,0,0,0,0.0,7,78,-3.29
2026_02_MIN_CHI,2,CHI,MIN,Home,3,9,297,70,-0.126,20,39,163,-0.1,31,134,-0.16,17,5,15,1,1,4,-29,-4.65,8,58,-4.83
2026_02_MIN_CHI,2,MIN,CHI,Away,9,3,246,51,-0.078,11,23,127,0.022,28,119,-0.16,10,3,13,0,0,3,-16,-4.16,3,25,1.67
2026_02_NO_BAL,2,BAL,NO,Home,17,24,312,56,0.113,21,34,204,0.098,22,108,0.136,19,4,9,1,0,3,-31,-6.09,7,34,1.71
2026_02_NO_BAL,2,NO,BAL,Away,24,17,300,65,0.147,27,37,233,0.295,28,67,-0.05,17,8,15,0,0,3,-19,-5.22,5,35,-1.36
2026_02_NYG_LA,2,LAR,NYG,Home,28,6,481,60,0.199,22,32,318,0.582,28,163,-0.239,23,5,9,1,1,1,-9,-1.5,6,50,1.27
2026_02_NYG_LA,2,NYG,LAR,Away,6,28,182,55,-0.429,14,34,130,-0.518,21,52,-0.286,10,3,14,1,0,2,-1,-1.82,3,20,-2.29
2026_02_PHI_TEN,2,PHI,TEN,Away,24,20,341,72,0.039,26,40,252,0.219,32,89,-0.186,21,11,18,2,0,3,-12,-3.14,4,35,-2.9
2026_02_PHI_TEN,2,TEN,PHI,Home,20,24,291,51,0.075,13,22,169,-0.004,29,122,0.135,14,6,13,0,0,2,-14,-2.42,7,45,1.3
2026_02_PIT_NE,2,NE,PIT,Home,20,3,327,53,-0.067,14,25,191,-0.211,28,136,0.062,14,4,12,1,1,3,-17,-2.71,6,31,0.29
2026_02_PIT_NE,2,PIT,NE,Away,3,20,235,67,-0.356,23,44,144,-0.496,23,91,-0.087,14,2,12,1,1,4,-43,-15.05,5,59,-3.32
2026_02_SEA_ARI,2,ARI,SEA,Home,7,31,151,47,-0.325,17,30,81,-0.269,17,70,-0.424,8,3,12,1,0,2,-14,-4.91,6,48,1.58
2026_02_SEA_ARI,2,SEA,ARI,Away,31,7,381,67,0.134,19,27,219,0.596,40,162,-0.178,22,6,13,0,1,1,-16,-0.36,3,26,1.08
2026_02_WAS_DAL,2,DAL,WSH,Home,37,20,332,54,0.227,26,33,266,0.458,21,66,-0.136,19,7,11,0,0,2,-13,-3.66,5,32,1.55
2026_02_WAS_DAL,2,WSH,DAL,Away,20,37,389,67,0.069,23,35,207,0.035,32,182,0.106,22,8,14,0,1,0,0,0.0,5,38,-1.54
2026_03_ARI_SF,3,ARI,SF,Away,30,36,365,81,0.153,38,54,272,0.187,27,93,0.087,25,9,18,0,0,2,-8,-1.88,10,86,-1.48
2026_03_ARI_SF,3,SF,ARI,Home,36,30,437,50,0.451,15,27,297,0.849,23,140,-0.016,21,5,8,0,0,0,0,0.0,7,69,5.72
2026_03_ATL_GB,3,ATL,GB,Away,35,14,500,67,0.322,18,26,258,0.366,41,242,0.294,23,6,10,1,0,0,0,0.0,6,83,-0.76
2026_03_ATL_GB,3,GB,ATL,Home,14,35,328,63,0.014,28,54,311,0.066,9,17,-0.301,17,6,15,1,0,1,-1,-1.4,6,45,0.8
2026_03_BAL_DAL,3,BAL,DAL,Away,34,31,378,58,0.134,15,20,186,0.596,38,192,-0.11,20,3,9,0,0,0,0,0.0,9,78,2.14
2026_03_BAL_DAL,3,DAL,BAL,Home,31,34,417,72,0.104,25,42,269,0.2,30,148,-0.031,25,5,13,0,1,1,-9,-3.03,7,88,7.13
2026_03_CAR_CLE,3,CAR,CLE,Away,18,21,360,75,-0.126,26,51,262,-0.116,24,98,-0.148,21,4,15,1,0,3,-29,-5.39,7,63,1.4
2026_03_CAR_CLE,3,CLE,CAR,Home,21,18,261,64,-0.021,17,34,129,0.063,30,132,-0.117,14,5,15,0,0,2,-17,-3.84,12,84,-0.47
2026_03_CIN_PIT,3,CIN,PIT,Away,27,30,352,56,0.281,28,38,269,0.386,18,83,0.059,19,6,12,0,1,1,-13,-4.09,6,40,1.44
2026_03_CIN_PIT,3,PIT,CIN,Home,30,27,411,59,0.162,19,36,273,0.237,23,138,0.045,20,7,12,1,0,2,-19,-2.98,5,37,-3.39
2026_03_HOU_IND,3,HOU,IND,Away,17,19,223,51,-0.092,16,30,153,-0.103,21,70,-0.077,15,4,11,0,0,3,-14,-4.22,2,14,-1.69
2026_03_HOU_IND,3,IND,HOU,Home,19,17,300,71,-0.114,24,40,211,-0.172,31,89,-0.039,19,7,15,1,2,4,-24,-15.94,6,41,3.03
2026_03_KC_MIA,3,KC,MIA,Away,24,10,334,49,0.138,20,24,246,0.538,25,88,-0.246,16,3,7,1,0,0,0,0.0,8,50,4.68
2026_03_KC_MIA,3,MIA,KC,Home,10,24,329,67,-0.151,20,36,210,-0.112,31,119,-0.196,17,8,16,1,1,0,0,0.0,8,64,-0.75
2026_03_LAC_BUF,3,BUF,LAC,Home,24,16,350,63,-0.052,16,30,174,-0.179,33,176,0.064,22,6,12,2,3,4,-30,-9.13,10,88,4.08
2026_03_LAC_BUF,3,LAC,BUF,Away,16,24,348,64,-0.071,20,36,217,-0.177,28,131,0.064,18,6,15,1,0,2,-9,-2.92,7,50,-2.66
2026_03_LA_DEN,3,DEN,LAR,Home,30,26,261,62,-0.007,17,37,183,-0.029,25,78,0.026,16,7,13,1,0,1,-7,-1.34,5,38,0.01
2026_03_LA_DEN,3,LAR,DEN,Away,26,30,482,82,0.019,30,59,366,-0.012,23,116,0.098,25,8,17,2,0,4,-24,-6.37,13,91,0.98
2026_03_LV_NO,3,LV,NO,Away,35,27,340,65,0.067,22,38,227,0.236,27,113,-0.171,20,7,12,0,0,3,-21,-4.13,5,19,-0.89
2026_03_LV_NO,3,NO,LV,Home,27,35,381,72,-0.065,29,44,233,-0.161,28,148,0.087,26,9,15,1,3,2,-22,-10.32,8,36,3.32
2026_03_MIN_TB,3,MIN,TB,Away,23,16,230,55,-0.264,15,32,152,-0.378,23,78,-0.105,9,2,15,1,0,3,-16,-4.61,9,95,-7.43
2026_03_MIN_TB,3,TB,MIN,Home,16,23,243,64,-0.246,17,43,186,-0.264,21,57,-0.21,10,2,17,2,0,6,-31,-8.43,8,81,-3.5
2026_03_NE_JAX,3,JAX,NE,Home,35,6,315,60,0.228,19,30,178,0.252,30,137,0.204,20,8,12,1,0,1,-4,-1.39,7,56,1.66
2026_03_NE_JAX,3,NE,JAX,Away,6,35,317,60,-0.253,18,34,234,-0.409,26,83,-0.048,14,4,12,2,1,3,-11,-8.97,9,68,-0.44
2026_03_NYJ_DET,3,DET,NYJ,Home,31,24,381,64,0.161,25,34,250,0.357,30,131,-0.062,23,5,10,0,0,2,-19,-4.43,4,41,1.65
2026_03_NYJ_DET,3,NYJ,DET,Away,24,31,337,63,0.095,31,44,279,0.247,19,58,-0.258,21,6,12,0,1,5,-44,-11.31,4,30,-1.91
2026_03_PHI_CHI,3,CHI,PHI,Home,27,7,375,69,0.027,24,34,247,0.213,35,128,-0.154,20,5,13,0,0,0,0,0.0,5,45,0.93
2026_03_PHI_CHI,3,PHI,CHI,Away,7,27,248,47,-0.304,16,28,141,-0.718,19,107,0.307,13,2,9,2,1,2,-12,-2.6,10,61,1.89
2026_03_SEA_WAS,3,SEA,WSH,Away,31,33,437,64,-0.046,32,46,393,0.109,18,44,-0.443,25,3,9,2,1,0,0,0.0,8,53,2.16
2026_03_SEA_WAS,3,WSH,SEA,Home,33,31,258,65,-0.102,19,33,176,0.117,32,82,-0.328,15,3,13,0,0,2,-7,-2.13,9,57,-6.26
2026_03_TEN_NYG,3,NYG,TEN,Home,12,7,238,58,-0.114,14,25,100,-0.245,33,138,-0.015,15,4,13,0,0,3,-18,-5.21,10,88,-7.16
2026_03_TEN_NYG,3,TEN,NYG,Away,7,12,262,57,-0.147,23,36,181,-0.18,21,81,-0.089,15,5,13,1,0,0,0,0.0,7,63,5.03
2026_04_ARI_NYG,4,ARI,NYG,Away,24,36,270,63,-0.25,21,37,147,-0.491,26,123,0.093,17,4,12,3,0,2,-19,-3.14,7,55,0.32
2026_04_ARI_NYG,4,NYG,ARI,Home,36,24,321,63,-0.082,18,34,232,0.114,29,89,-0.311,14,7,15,2,1,4,-18,-4.8,6,44,0.13
2026_04_DAL_HOU,4,DAL,HOU,Away,34,30,399,73,0.144,32,48,324,0.205,25,75,0.026,25,5,14,0,0,3,-11,-3.09,6,47,-0.57
2026_04_DAL_HOU,4,HOU,DAL,Home,30,34,397,52,0.233,21,33,335,0.46,19,62,-0.161,16,3,10,0,0,2,-12,-4.13,13,90,3.05
2026_04_DEN_SF,4,DEN,SF,Away,14,24,298,65,0.089,25,42,214,0.112,23,84,0.045,16,8,17,0,0,0,0,0.0,7,44,-4.8
2026_04_DEN_SF,4,SF,DEN,Home,24,14,358,65,0.121,19,30,218,0.283,35,140,-0.019,19,6,13,0,0,0,0,0.0,1,5,0.54
2026_04_DET_CAR,4,CAR,DET,Home,32,26,445,72,0.24,29,44,318,0.466,28,127,-0.116,27,5,12,0,0,3,-11,-4.4,8,60,1.68
2026_04_DET_CAR,4,DET,CAR,Away,26,32,452,68,0.176,32,53,406,0.233,15,46,-0.023,23,4,12,0,0,1,-6,-0.44,9,67,-3.53
2026_04_GB_TB,4,GB,TB,Away,17,14,283,55,0.02,22,30,197,0.23,25,86,-0.233,13,2,10,1,1,0,0,0.0,10,68,-6.17
2026_04_GB_TB,4,TB,GB,Home,14,17,275,61,-0.038,19,30,134,-0.144,31,141,0.065,18,5,12,2,0,3,-14,-4.71,4,17,1.37
2026_04_IND_WAS,4,IND,WSH,Away,30,13,257,66,-0.083,19,36,129,-0.371,30,128,0.262,17,5,16,1,1,2,-14,-6.74,1,5,2.49
2026_04_IND_WAS,4,WSH,IND,Home,13,30,317,61,-0.25,18,39,217,-0.242,22,100,-0.263,11,2,15,1,0,2,-15,-4.19,10,84,0.1
2026_04_JAX_CIN,4,CIN,JAX,Home,17,22,437,71,0.046,39,56,414,0.132,15,23,-0.275,25,5,12,2,0,2,-14,-2.88,11,108,0.7
2026_04_JAX_CIN,4,JAX,CIN,Away,22,17,323,55,0.184,18,28,212,0.332,27,111,0.031,17,5,11,0,0,4,-15,-4.23,13,125,-0.38
2026_04_KC_LV,4,KC,LV,Away,30,27,399,59,0.128,15,33,210,0.053,26,189,0.224,17,5,13,0,0,2,-15,-3.71,8,59,3.15
2026_04_KC_LV,4,LV,KC,Home,27,30,439,79,0.046,31,53,367,0.184,26,72,-0.237,24,5,14,1,0,0,0,0.0,6,30,3.29
2026_04_LAC_SEA,4,LAC,SEA,Away,23,30,301,68,-0.085,19,36,154,-0.239,32,147,0.088,19,5,15,2,1,4,-35,-9.68,16,130,0.2
2026_04_LAC_SEA,4,SEA,LAC,Home,30,23,286,58,-0.15,13,25,148,-0.207,33,138,-0.107,17,3,12,1,0,3,-20,-1.77,14,150,4.83
2026_04_LA_PHI,4,LAR,PHI,Away,24,20,415,77,0.027,32,52,309,0.021,25,106,0.04,24,7,16,2,0,1,-8,-1.62,8,100,0.29
2026_04_LA_PHI,4,PHI,LAR,Home,20,24,172,58,-0.287,12,31,68,-0.263,27,104,-0.315,11,0,12,0,0,4,-25,-3.44,10,57,0.49
2026_04_MIA_MIN,4,MIA,MIN,Away,10,15,198,37,-0.204,9,19,77,-0.653,18,121,0.27,8,2,9,0,1,2,-8,-7.33,9,55,-2.86
2026_04_MIA_MIN,4,MIN,MIA,Home,15,10,336,72,-0.124,27,41,213,-0.016,31,123,-0.267,19,8,18,0,0,4,-34,-8.08,11,85,-3.99
2026_04_NE_BUF,4,BUF,NE,Home,26,29,340,55,0.099,23,35,249,0.078,20,91,0.137,16,6,12,1,1,1,-4,-1.11,5,31,-0.17
2026_04_NE_BUF,4,NE,BUF,Away,29,26,407,74,0.186,22,39,264,0.283,35,143,0.078,25,5,12,1,1,1,-7,-5.43,5,30,1.67
2026_04_NYJ_CHI,4,CHI,NYJ,Home,23,12,492,89,0.015,25,35,260,0.227,54,232,-0.122,28,7,15,1,1,1,-8,-0.63,4,29,-3.75
2026_04_NYJ_CHI,4,NYJ,CHI,Away,12,23,157,32,-0.137,8,18,98,-0.27,14,59,0.034,7,0,7,0,0,3,-21,-5.71,12,76,8.39
2026_04_PIT_CLE,4,CLE,PIT,Home,27,24,372,62,0.096,24,35,260,0.262,27,112,-0.12,20,4,10,1,1,2,-8,-2.01,14,88,7.73
2026_04_PIT_CLE,4,PIT,CLE,Away,24,27,363,66,0.071,22,46,269,0.053,20,94,0.112,20,4,13,2,0,5,-30,-9.05,8,50,1.64
2026_04_TEN_BAL,4,BAL,TEN,Home,24,18,384,61,0.137,23,31,272,0.387,30,112,-0.122,19,2,10,0,0,2,-13,-2.63,13,131,4.74
2026_04_TEN_BAL,4,TEN,BAL,Away,18,24,299,59,-0.137,20,33,214,-0.086,26,85,-0.201,17,2,10,1,1,1,-10,-1.47,5,32,0.2
