Played SOS Rank,Team,Games Played,Opponents Played,Opponent Combined Wins,Opponent Combined Losses,Opponent Combined Ties,Played SOS,Opponent TD Made Per Game,Opponent TD Allowed Per Game,Opponent Combined Record
1,MIA,3,"KC, LV, SF",7,0,2,0.889,3.67,1.89,7-0-2
2,IND,3,"BAL, HOU, KC",5,1,3,0.722,3.0,2.22,5-1-3
3,NO,3,"BAL, DET, LV",5,1,3,0.722,3.67,3.11,5-1-3
4,ARI,3,"LAC, SEA, SF",5,2,2,0.667,3.0,2.0,5-2-2
5,TB,3,"CIN, CLE, MIN",4,1,4,0.667,2.0,1.56,4-1-4
6,LAR,3,"DEN, NYG, SF",6,3,0,0.667,2.56,2.22,6-3-0
7,CAR,3,"ATL, CHI, CLE",5,2,2,0.667,2.33,2.0,5-2-2
8,DEN,3,"JAX, KC, LAR",5,3,1,0.611,3.0,1.56,5-3-1
9,DET,3,"BUF, NO, NYJ",3,1,5,0.611,3.33,2.89,3-1-5
10,JAX,3,"CLE, DEN, NE",5,3,1,0.611,1.44,2.11,5-3-1
11,LAC,3,"ARI, BUF, LV",4,2,3,0.611,3.22,3.0,4-2-3
12,NE,3,"JAX, PIT, SEA",4,2,3,0.611,2.56,1.44,4-2-3
13,GB,3,"ATL, MIN, NYJ",3,2,4,0.556,2.0,1.78,3-2-4
14,PIT,3,"ATL, CIN, NE",3,2,4,0.556,1.56,1.89,3-2-4
15,HOU,3,"BUF, CIN, IND",3,2,4,0.556,3.0,2.67,3-2-4
16,WSH,3,"DAL, PHI, SEA",4,3,2,0.555,2.89,2.56,4-3-2
17,CHI,3,"CAR, MIN, PHI",3,3,3,0.5,2.44,2.33,3-3-3
18,TEN,3,"NYG, NYJ, PHI",3,4,2,0.444,2.0,2.56,3-4-2
19,MIN,3,"CHI, GB, TB",2,3,4,0.444,2.33,2.44,2-3-4
20,PHI,3,"CHI, TEN, WSH",3,4,2,0.444,2.56,2.44,3-4-2
21,CLE,3,"CAR, JAX, TB",3,4,2,0.444,2.56,2.0,3-4-2
22,DAL,3,"BAL, NYG, WSH",3,4,2,0.444,2.56,3.0,3-4-2
23,BUF,3,"DET, HOU, LAC",2,4,3,0.389,2.56,3.11,2-4-3
24,CIN,3,"HOU, PIT, TB",1,3,5,0.389,1.56,1.89,1-3-5
25,NYJ,3,"DET, GB, TEN",2,5,2,0.333,2.44,3.22,2-5-2
26,NYG,3,"DAL, LAR, TEN",3,6,0,0.333,2.33,2.33,3-6-0
27,BAL,3,"DAL, IND, NO",1,4,4,0.333,3.0,3.33,1-4-4
28,ATL,3,"CAR, GB, PIT",1,5,3,0.278,2.11,2.89,1-5-3
29,KC,3,"DEN, IND, MIA",2,6,1,0.278,1.78,3.11,2-6-1
30,SEA,3,"ARI, NE, WSH",1,5,3,0.278,1.78,3.11,1-5-3
31,LV,3,"LAC, MIA, NO",0,5,4,0.222,2.0,3.22,0-5-4
32,SF,3,"ARI, LAR, MIA",1,7,1,0.167,1.78,3.11,1-7-1
