Team,Player,Status,Injury
ARI,Roy Lopez,Questionable,Groin
ARI,Garrett Williams,Active,"Williams (Achilles) does not carry an injury designation ahead of Sunday's game against the 49ers, Darren Urban of the Cardinals' official site reports."
ARI,Max Melton,Questionable,Toe
ARI,Dadrion Taylor-Demerson,Out,Back
ARI,Hjalte Froholdt,Active,
ARI,Andrew Billings,Active,"Billings (knee) did not appear on the Cardinals' injury report Wednesday, Josh Weinfuss of ESPN.com reports."
ARI,Starling Thomas V,Active,"The Cardinals signed Thomas to the active roster from their practice squad Wednesday, Darren Urban of the team's official site reports."
ARI,Will Johnson,Injured Reserve,Neck
ARI,Mack Wilson Sr.,Active,Wilson recorded nine tackles (four solo) in Sunday's loss to the Seahawks.
ARI,Budda Baker,Active,"Baker recorded 11 tackles (seven solo), including 1.0 sacks, and a pass breakup in Sunday's loss to the Seahawks."
ARI,Kendrick Bourne,Active,Bourne caught two of his three targets for 11 yards in Sunday's 31-7 loss to the Seahawks.
ARI,Chad Ryland,Active,Ryland did not have any field-goal tries but converted on his only extra-point attempt during Sunday's 31-7 loss versus the Seahawks.
ARI,Josh Fryar,Active,
ARI,Tyler Allgeier,Active,Allgeier turned five carries into 10 yards and caught both of his targets for nine yards in Sunday's 31-7 loss to the Seahawks.
ARI,Jacoby Brissett,Active,Brissett completed 17 of 28 passes for 95 yards with a touchdown and an interception while also adding a seven-yard rush in Sunday's 31-7 loss to Seattle.
ARI,Marvin Harrison Jr.,Active,Harrison failed to catch his only target in Sunday's 31-7 loss to the Seahawks.
ARI,Michael Wilson,Active,Wilson caught two of seven targets for 18 yards in Sunday's 31-7 loss to the Seahawks.
ARI,Jeremiyah Love,Active,Love rushed nine times for 29 yards while catching all three of his targets for 16 yards in Sunday's 31-7 loss to Seattle.
ARI,Trey McBride,Active,McBride caught eight of nine targets for 41 yards and a touchdown during Sunday's 31-7 loss to Seattle.
ARI,Isaac Seumalo,Active,Seumalo (shoulder) is active for Sunday's game against Seattle.
ARI,Isaiah Adams,Active,Adams (knee) is active for Sunday's game against the Seahawks.
ARI,Carson Beck,Active,"Beck (coach's decision) is inactive but will serve as the emergency third quarterback against the Seahawks on Sunday, Darren Urban of the Cardinals' official site reports."
ARI,Reggie Virgil,Active,Virgil (coach's decision) is inactive for Sunday's game against the Seahawks.
ARI,Jack Gibbens,Active,"Gibbens (shoulder) does not have an injury designation ahead of Sunday's game against the Seahawks, Tyler Drake of ArizonaSports.com reports."
ARI,Cody Simon,Active,
ATL,Jessie Bates III,Active,Bates recorded four tackles (one solo) and one pass defense during the Falcons' 35-14 victory over the Packers on Thursday.
ATL,Xavier Watts,Active,Watts recorded five tackles (three solo) and one interception during Thursday's 35-14 win over the Packers.
ATL,Austin Hooper,Active,Hooper caught both of his targets for 11 yards and a touchdown during Atlanta's 35-14 win over Green Bay on Thursday.
ATL,Zachariah Branch,Active,Branch caught one pass on two targets for seven yards while logging an 18-yard punt return and a 22-yard kickoff return during the Falcons' 35-14 win over the Packers on Thursday.
ATL,Olamide Zaccheaus,Active,Zaccheaus brought in both of his targets for nine yards and returned one punt for four yards during the Falcons' 35-14 win over the Packers on Thursday.
ATL,Jahan Dotson,Active,Dotson caught one pass on three targets for 11 yards during the Falcons' 35-14 win over the Packers on Thursday.
ATL,Kyle Pitts Sr.,Active,Pitts secured one of two targets for five yards in the Falcons' 35-14 win over the Packers on Thursday.
ATL,Nick Folk,Active,Folk hit both field-goal attempts and all three extra-point tries in Thursday's 35-14 win over the Packers.
ATL,Brian Robinson Jr.,Active,Robinson rushed 10 times for 50 yards and a touchdown and returned two kickoffs for 54 yards in the Falcons' 35-14 win over the Packers on Thursday.
ATL,Michael Penix Jr.,Active,Penix completed 18 of 25 passes for 256 yards with one touchdown and one interception while rushing twice for minus-2 yards in the Falcons' 35-14 win over the Packers on Thursday. He also threw a two-point conversion pass.
ATL,Drake London,Active,London secured nine of 10 targets for 194 yards in the Falcons' 35-14 win over the Packers on Thursday.
ATL,Bijan Robinson,Active,Robinson rushed 29 times for 194 yards and two touchdowns and brought in both targets for 19 yards in the Falcons' 35-14 win over the Packers on Thursday.
ATL,Jack Strand,Out,Coach's Decision
ATL,Billy Bowman Jr.,Active,Bowman (Achilles) is available for Thursday's game versus the Packers.
ATL,Cooper Rush,Out,Coach's Decision
ATL,Robert Longerbeam,Out,Coach's Decision
ATL,Ethan Onianwa,Out,Coach's Decision
ATL,Malcolm DeWalt IV,Out,Coach's Decision
ATL,Samson Ebukam,Out,Hamstring
ATL,Jawaan Taylor,Active,"Taylor (ribs) was a full participant in Tuesday's practice, Tori McElhaney of the Falcons' official site reports."
ATL,Zach Harrison,Active,"The Falcons signed Harrison to the active roster from their practice squad Tuesday, Tori McElhaney of the team's official site reports."
ATL,Nick Muse,Active,"Muse (shoulder) was a full participant in Tuesday's practice, Tori McElhaney of the Falcons' official site reports."
ATL,Brandon Dorlus,Active,"Dorlus (thumb) was a full participant in Tuesday's practice, Tori McElhaney of the Falcons' official site reports."
ATL,C.J. Henderson,Active,"Henderson is expected to step into a starting role at cornerback in Week 3, Tori McElhaney of the Falcons' official website reports."
ATL,Tua Tagovailoa,Active,"Tagovailoa (oblique) was a full participant in Tuesday's practice, Tori McElhaney of the team's official site reports."
BAL,Zay Flowers,Questionable,Hamstring
BAL,Ronnie Stanley,Out,Toe
BAL,Chris Moore,Active,Moore (ankle) does not carry an injury designation into Sunday's game against the Cowboys.
BAL,Trey Hendrickson,Active,
BAL,Malaki Starks,Active,
BAL,Teddye Buchanan,Active,"Buchanan (knee) is expected to play in Sunday's game versus Dallas, Matt Zenitz of CBSSports.com reports."
BAL,John Simpson,Active,
BAL,Zion Young,Active,
BAL,Nnamdi Madubuike,Active,Madubuike (neck) was a full participant in Wednesday's practice.
BAL,Kyle Hamilton,Active,Hamilton tallied 13 tackles (seven solo) during the Ravens' 24-17 loss to the Saints on Sunday.
BAL,Roquan Smith,Active,Smith recorded eight tackles (two solo) during the Ravens' 24-17 loss to the Saints on Sunday.
BAL,Elijah Sarratt,Active,Sarratt was active for Sunday's 24-17 loss to the Saints but did not play any snaps in the contest.
BAL,Devontez Walker,Active,Walker caught one of his two targets for 47 yards in Sunday's 24-17 loss to the Saints.
BAL,LaJohntay Wester,Active,Wester caught one of his two targets for 14 yards in Sunday's 24-17 loss to the Saints.
BAL,Justice Hill,Active,Hill rushed twice for six yards and caught two targets for 12 yards in Sunday's 24-17 loss to the Saints.
BAL,Mark Andrews,Active,Andrews caught six of seven targets for 49 yards in Sunday's 24-17 loss to the Saints.
BAL,Andrew Vorhees,Active,
BAL,Gerad Lichtenhan,Active,
BAL,Joe Fagnano,Active,
BAL,Tyler Loop,Active,Loop went 1-for-2 on field-goal attempts and 2-for-2 on PATs in Sunday's 24-17 loss to the Saints.
BAL,Rashod Bateman,Active,Bateman caught seven of nine targets for 88 yards and a touchdown in Sunday's 24-17 loss to New Orleans.
BAL,Derrick Henry,Active,Henry carried the ball 16 times for 68 yards and a touchdown and caught all three of his targets for 19 yards in Sunday's 24-17 loss to the Saints.
BAL,Lamar Jackson,Active,Jackson completed 21 of 31 passes for 235 yards and a touchdown and an interception while adding 34 rushing yards on four carries in Sunday's 24-17 loss to the Saints.
BAL,T.J. Tampa,Injured Reserve,Knee
BAL,Keondre Jackson,Active,
BUF,DJ Moore,Questionable,Shoulder - AC Joint
BUF,Keon Coleman,Questionable,Ankle
BUF,Jordan Hancock,Injured Reserve,Hamstring
BUF,Greg Dortch,Active,"The Bills signed Dortch from the practice squad to the active roster Friday, Maddy Glabb reports."
BUF,T.J. Sanders,Out,Surgery
BUF,Ed Oliver,Questionable,Hip
BUF,Ty Johnson,Active,"Johnson (hamstring) does not have an injury designation for Sunday's game against the Chargers, Alec White of the Bills' official site reports. ""Ty Johnson will be good to go,"" coach Joe Brady said Friday."
BUF,Ar'maj Reed-Adams,Questionable,Elbow
BUF,Jude Bowry,Active,
BUF,Jalon Kilgore,Active,
BUF,Skyler Bell,Active,
BUF,Bradley Chubb,Active,"Chubb logged four tackles (two solo), including 1.5 sacks, in the Bills' 41-31 win over the Lions on Thursday night."
BUF,Cole Bishop,Active,Bishop logged six tackles (five solo) in the Bills' 41-31 win over the Lions on Thursday night.
BUF,Christian Benford,Active,Benford logged eight tackles (five solo) and two passes defensed during the Bills' 41-31 win over the Lions on Thursday night.
BUF,Terrel Bernard,Active,Bernard logged five tackles (three solo) and a pass defensed in the Bills' 41-31 win over the Lions on Thursday night.
BUF,Greg Rousseau,Active,"Rousseau logged three solo tackles, including 2.0 sacks, in Thursday night's 41-31 win over the Lions."
BUF,Jackson Hawes,Active,Hawes accrued zero targets during Thursday's 41-31 victory over Detroit.
BUF,Ray Davis,Active,Davis returned one kickoff for 31 yards during Thursday's 41-31 win versus the Lions.
BUF,Dawson Knox,Active,Knox caught both of his passes for five yards and a touchdown during the Bills' 41-31 win over the Lions on Thursday.
BUF,Joshua Palmer,Active,Palmer caught one of three targets for a 43-yard touchdown in Thursday's 41-31 win over the Lions.
BUF,Khalil Shakir,Active,Shakir brought in three of six targets for 38 yards and returned one kickoff for 11 yards in the Bills' 41-31 win over the Lions on Thursday.
BUF,Dalton Kincaid,Active,Kincaid brought in seven of eight targets for 95 yards and a touchdown in the Bills' 41-31 win over the Lions on Thursday.
BUF,Tyler Bass,Active,Bates hit five of his six extra-point attempts in Thursday's 41-31 win over the Lions.
BUF,James Cook III,Active,Cook rushed 21 times for 135 yards and a touchdown and brought in one of three targets for four yards in the Bills' 41-31 win over the Lions on Thursday.
BUF,Josh Allen,Active,Allen completed 20 of 31 passes for 248 yards with three touchdowns and no interceptions while rushing 14 times for 69 yards and another pair of scores in the Bills' 41-31 win over the Lions on Thursday. He also committed a fumble recovered by Buffalo.
CAR,Jalen Coker,Questionable,Ankle
CAR,Maema Njongmeta,Active,"The Panthers signed Njongmeta from the practice squad to the active roster Saturday, Darin Gantt of the team's official site reports."
CAR,Claudin Cherelus,Injured Reserve,Shoulder
CAR,Anthony Tyus III,Active,"The Panthers elevated Tyus from the practice squad to the active roster Saturday ahead of Sunday's game against the Browns, Darin Gantt of the team's official site reports."
CAR,David Moore,Active,"The Panthers elevated Moore from the practice squad to the active roster Saturday ahead of Sunday's game against the Browns, Darin Gantt of the team's official site reports."
CAR,Nick Scott,Out,Ribs
CAR,Devin Lloyd,Out,Calf
CAR,Jaelan Phillips,Active,Phillips (back) was a full participant in Thursday's practice.
CAR,Xavier Legette,Questionable,Knee
CAR,Trevis Gipson,Active,Gipson (head) was a full participant in Wednesday's practice.
CAR,Bobby Brown III,Active,Brown (back) was a full participant in Wednesday's practice.
CAR,Isaiah Simmons,Active,"The Panthers signed Simmons to the active roster from their practice squad Wednesday, Darin Gantt of the team's official site reports."
CAR,Patrick Jones II,Active,Jones (back) was a full participant at the Panthers' practice Wednesday.
CAR,Jonathon Brooks,Injured Reserve,Abdomen
CAR,AJ Dillon,Active,Dillon handled three carries for minus-3 yards during Sunday's 34-3 win at Atlanta. He also recorded a tackle in punt coverage.
CAR,Bobby Okereke,Active,Okereke recorded nine tackles (six solo) and an interception in Sunday's 34-3 win over the Falcons.
CAR,Haynes King,Active,
CAR,Tyrel Dodson,Active,
CAR,Ja'Tavion Sanders,Active,
CAR,Albert Reese IV,Active,
CAR,Chau Smith-Wade,Active,
CAR,Darren Waller,Active,Waller caught all three of his targets for 33 yards and two touchdowns in the Panthers' 34-3 win over the Falcons on Sunday.
CAR,Ryan Fitzgerald,Active,Fitzgerald made both of his field-goal tries and all four of his extra-point attempts during the Panthers' 34-3 win over the Falcons on Sunday.
CAR,Bryce Young,Active,Young completed 23 of 36 passes for 287 yards with three touchdowns and no interceptions and added one carry for six yards in the Panthers' 34-3 win over the Falcons on Sunday.
CAR,Chuba Hubbard,Active,Hubbard rushed 12 times for 53 yards and brought in both targets for 11 yards and a touchdown in the Panthers' 34-3 win over the Falcons on Sunday.
CHI,Anthony Johnson Jr.,Injured Reserve,Undisclosed
CHI,Caleb Williams,Out,Hamstring
CHI,Tyrique Stevenson Sr.,Active,Stevenson (hamstring) does not have any injury designation ahead of Monday's game against the Eagles.
CHI,Cairo Santos,Active,Santos (hip) does not carry an injury designation into Monday's game against the Eagles.
CHI,Tyson Bagent,Questionable,Concussion
CHI,Kyle Monangai,Active,"Monangai (knee) took part in Friday's practice and was listed as a full participant, Brad Biggs of the Chicago Tribune reports."
CHI,Shemar Turner,Out,Knee - ACL
CHI,Noah Sewell,Out,Achilles
CHI,Case Keenum,Active,"Keenum will work with the first-team offense at Wednesday's practice, Brad Biggs of the Chicago Tribune reports."
CHI,Sam Roush,Active,Roush caught one of three targets for nine yards during the Bears' 9-3 loss to the Vikings on Sunday.
CHI,Devin Bush,Active,Bush recorded four tackles (three solo) and a pass defensed during Sunday's 9-3 loss versus the Vikings.
CHI,T.J. Edwards,Active,Edwards recorded four tackles (two solo) during Sunday's 9-3 loss versus the Vikings.
CHI,Cole Kmet,Active,Kmet failed to catch his only target in Sunday's 9-3 loss to the Vikings.
CHI,Kalif Raymond,Active,Raymond caught all five targets for 40 yards in Sunday's 9-3 loss to the Vikings.
CHI,Ozzy Trapilo,Active,
CHI,Jordan McFadden,Active,
CHI,Jayden Loving,Active,
CHI,Jamree Kromah,Active,
CHI,Colston Loveland,Active,Loveland caught one of three targets for three yards in Sunday's 9-3 loss to the Vikings.
CHI,Luther Burden III,Active,Burden caught three of seven targets for 32 yards in Sunday's 9-3 loss to the Vikings.
CHI,Rome Odunze,Active,Odunze caught three of four targets for 43 yards in Sunday's 9-3 loss to the Vikings.
CHI,D'Andre Swift,Active,Swift carried the ball 16 times for 45 yards and caught all five of his targets for 54 yards in Sunday's 9-3 loss to the Vikings.
CHI,Malik Muhammad II,Active,Muhammad (ankle) does not have an injury designation for Sunday's NFC North clash against the Vikings.
CHI,Xavier Woods,Active,Woods (groin) does not carry an injury designation into Sunday's game against the Vikings.
CHI,Dayo Odeyingbo,Active,
CIN,Tanner Hudson,Active,The Bengals elevated Hudson from the practice squad to the active roster Saturday ahead of Sunday's game against the Steelers.
CIN,Andrei Iosivas,Injured Reserve,Thumb
CIN,B.J. Hill,Doubtful,Achilles
CIN,Jonathan Allen,Active,"Allen (knee) missed practice for the second day in a row Thursday, but it was with a rest designation, Jay Morrison of SI.com reports."
CIN,Erick All Jr.,Active,All notched two receptions (on three targets) for five yards during Sunday's 20-6 win versus the Texans.
CIN,Drew Sample,Active,Sample notched zero targets during Sunday's 20-6 victory over the Texans.
CIN,Barrett Carter,Active,Carter registered five total tackles (two solo) during Sunday's 20-6 win over the Texans.
CIN,Cedric Johnson,Active,"Johnson recorded four total tackles (three solo), including 2.0 sacks, during Sunday's 20-6 win over Houston."
CIN,Dax Hill,Active,Hill recorded 10 total tackles (four solo) and four passes defensed during Sunday's 20-6 win over the Texans.
CIN,Demetrius Knight Jr.,Active,Knight recorded 12 total tackles (four solo) during Sunday's 20-6 win over Houston.
CIN,Samaje Perine,Active,Perine logged two carries for six yards and hauled in his lone target for 16 yards during the Bengals' 20-6 win over the Texans on Sunday.
CIN,Mike Gesicki,Active,Gesicki wasn't targeted in Sunday's 20-6 win over the Texans.
CIN,Myles Hinton,Active,
CIN,Ke'Shawn Williams,Active,
CIN,Connor Lew,Active,
CIN,Landon Robinson,Active,
CIN,Josh Newton,Active,
CIN,Evan McPherson,Active,McPherson made both field-goal attempts and went 2-for-2 on PATs in Sunday's 20-6 win over the Texans.
CIN,Joe Burrow,Active,Burrow (back) completed 20 of 31 passes for 207 yards with two touchdowns and no interceptions while adding one rush for minus-1 yard in the Bengals' 20-6 win over the Texans on Sunday.
CIN,Tee Higgins,Active,Higgins secured five of 10 targets for 95 yards in the Bengals' 20-6 win over the Texans on Sunday.
CIN,Chase Brown,Active,Brown rushed 20 times for 80 yards and brought in three of five targets for two yards in the Bengals' 20-6 win over the Texans on Sunday.
CIN,Ja'Marr Chase,Active,Chase brought in seven of nine targets for 75 yards and two touchdowns in the Bengals' 20-6 win over the Texans on Sunday.
CIN,Shemar Stewart,Active,Stewart (knee) was a full participant in Wednesday's practice.
CIN,Jack Endries,Active,Endries (coach's decision) is inactive for Sunday's matchup with the Bucs.
CIN,DJ Turner II,Active,Turner (hamstring) does not carry an injury designation into Sunday's game versus Tampa Bay.
CLE,Grant Delpit,Questionable,Shoulder
CLE,Teven Jenkins,Out,Back
CLE,Tyson Campbell,Questionable,Hip
CLE,Quincy Williams,Active,
CLE,Quinshon Judkins,Active,"Judkins (personal) doesn't carry an injury designation for Sunday's game against Carolina, Scott Petrak of BrownsZone.com reports."
CLE,Tytus Howard,Active,
CLE,Mason Graham,Active,
CLE,Blake Whiteheart,Active,Whiteheart caught one of his two targets for a 17-yard touchdown in Sunday's 23-19 win over the Buccaneers.
CLE,Jaleel McLaughlin,Active,McLaughlin logged one carry for three yards and could not catch his sole target in Sunday's 23-19 win over the Buccaneers.
CLE,Raheim Sanders,Active,"Sanders caught his sole target for seven yards, had two rushes for four yards and returned two kickoffs for 50 yards in Sunday's 23-19 win over the Buccaneers."
CLE,Carson Schwesinger,Active,Schwesinger recorded 10 tackles (five solo) during Sunday's 23-19 win at Tampa Bay.
CLE,Jerry Jeudy,Active,Jeudy failed to haul in his lone target during the Browns' 23-19 win over the Buccaneers on Sunday.
CLE,Daniel Thomas,Active,
CLE,Taylen Green,Active,
CLE,Parker Brailsford,Active,
CLE,Justin Jefferson,Active,
CLE,Toriano Pride Jr.,Active,
CLE,KC Concepcion,Active,Concepcion caught all six targets for 28 yards in Sunday's 23-19 win over the Bucs. He added one rushing attempt for minus-6 yards.
CLE,Denzel Boston,Active,Boston caught five of seven targets for 95 yards and a touchdown in the Browns' 23-19 win over Tampa Bay on Sunday.
CLE,Andre Szmyt,Active,Szmyt made all three of his field-goal attempts and both of his extra-point tries during the Browns' 23-19 win over the Buccaneers on Sunday.
CLE,Deshaun Watson,Active,Watson completed 24 of 30 passes for 238 yards with two touchdowns and no interceptions while adding seven rushes for 22 yards in the Browns' 23-19 win over the Buccaneers on Sunday.
CLE,Harold Fannin Jr.,Active,Fannin secured five of six targets for 54 yards in the Browns' 23-19 win over the Buccaneers on Sunday.
CLE,Noah Igbinoghene,Active,
CLE,Shedeur Sanders,Active,"The Browns plan to re-evaluate their quarterback situation following Sunday's game against the Buccaneers, with Sanders being next in line to start if Cleveland elects to bench Deshaun Watson, Ian Rapoport of ESPN reports."
CLE,Elgton Jenkins,Active,Jenkins (back) does not carry an injury designation into Sunday's game against the Buccaneers.
DAL,Justin Barron,Active,The Cowboys signed Barron from the practice squad to the active roster Saturday.
DAL,P.J. Locke,Injured Reserve,Foot
DAL,Cobie Durant,Out,Hamstring
DAL,Malik Hooker,Out,Forearm
DAL,DeMarvion Overshown,Out,Hamstring
DAL,Markquese Bell,Active,"Bell is set to start Sunday's game against the Ravens, Jon Machota of The Athletic reports."
DAL,Ryan Flournoy,Active,Flournoy caught five of six targets for 23 yards Sunday in a 37-20 victory versus Washington.
DAL,Emari Demercado,Active,Demercado had three carries for eight yards in Sunday's 37-20 win over the Commanders.
DAL,Caelen Carson,Active,
DAL,Ajani Cornelius,Active,
DAL,Camden Brown,Active,
DAL,James Houston,Active,
DAL,Brandon Aubrey,Active,Aubrey went 3-for-3 on field-goal attempts and made all four PATs in Sunday's 37-20 win over the Commanders.
DAL,Dak Prescott,Active,Prescott completed 26 of 31 passes for 279 yards with four touchdowns and no interceptions while rushing four times for 26 yards in the Cowboys' 37-20 win over the Commanders on Sunday.
DAL,George Pickens,Active,Pickens brought in six of eight targets for 40 yards in the Cowboys' 37-20 win over the Commanders on Sunday.
DAL,Javonte Williams,Active,Williams rushed 12 times for 30 yards and brought in three of four targets for 20 yards in the Cowboys' 37-20 win over the Commanders on Sunday.
DAL,CeeDee Lamb,Active,Lamb brought in eight of nine targets for 153 yards and two touchdowns in the Cowboys' 37-20 win over the Commanders on Sunday.
DAL,Jake Ferguson,Active,Ferguson caught all four of his targets for 43 yards and two touchdowns in the Cowboys' 37-20 win over the Commanders on Sunday.
DAL,Dee Winters,Active,"Winters (shoulder) has returned to Sunday's game against the Commanders, Tommy Yarrish of the Cowboys' official site reports."
DAL,Tyler Goodson,Active,"Goodson (coach's decision) is inactive for Sunday's game against the Commanders, Todd Archer of ESPN.com reports."
DAL,Caleb Downs,Active,"Downs totaled eight tackles (four solo), including 1.0 sacks, during Dallas' loss to the Giants on Sunday."
DAL,Donovan Ezeiruaku,Active,"Ezeiruaku tallied 10 tackles (four solo), including 0.5 sacks, during Dallas' loss to the Giants on Sunday."
DAL,KaVontae Turpin,Active,Turpin returned five kickoffs for 122 yards and caught his only target for eight yards in Sunday's 28-20 loss to the Giants.
DAL,Jonathan Mingo,Active,Mingo caught his sole target for 10 yards in Sunday's 28-20 loss to the Giants.
DAL,Luke Schoonmaker,Active,Schoonmaker finished with one catch for 12 yards in Sunday's 28-20 loss to the Giants.
DEN,Kolbe Katsis,Active,"The Broncos elevated Katsis from the practice squad to the active roster Saturday ahead of Sunday's game against the Rams, Aric DiLalla of the Broncos' official site reports."
DEN,Jonah Coleman,Injured Reserve,Ankle
DEN,Marvin Mims Jr.,Questionable,Foot
DEN,RJ Harvey,Active,Harvey (hamstring) was listed as a full participant on Thursday's injury report.
DEN,J.K. Dobbins,Active,Dobbins (hip) was listed as a full participant on Thursday's injury report.
DEN,Troy Franklin,Active,Franklin caught one of two targets for 27 yards in Sunday's 20-13 win over the Jaguars.
DEN,Nate Adkins,Active,Adkins caught all three of his targets for 32 yards and a touchdown while rushing once for six yards in Sunday's 20-13 win over the Jaguars.
DEN,Tyler Badie,Active,Badie rushed one time for one yard in Denver's 20-13 win over the Jaguars on Sunday. He added two catches for 28 yards on three targets.
DEN,Alex Singleton,Active,Singleton recorded nine total tackles (five solo) and a pass defensed in Sunday's 20-13 win over the Jaguars.
DEN,Pat Bryant,Active,Bryant failed to catch his only target while adding a 16-yard rush during Sunday's 20-13 win over the Jaguars.
DEN,Evan Engram,Active,Engram hauled in his lone target for 17 yards during the Broncos' 20-13 win over the Jaguars on Sunday.
DEN,Wil Lutz,Active,Lutz made both of his field-goal attempts and both PATs in Sunday's 20-13 win over the Jaguars.
DEN,Bo Nix,Active,Nix completed 22 of 31 passes for 288 yards with one touchdown and one interception while adding five carries for six yards in the Broncos' 20-13 win over the Jaguars on Sunday.
DEN,Courtland Sutton,Active,Sutton secured three of four targets for 25 yards in the Broncos' 20-13 win over the Jaguars on Sunday.
DEN,Jaylen Waddle,Active,Waddle brought in eight of 10 targets for 138 yards in the Broncos' 20-13 win over the Jaguars on Sunday.
DEN,Talanoa Hufanga,Active,Hufanga made six tackles (two solo) in Monday's 31-10 loss to the Chiefs.
DEN,Brandon Jones,Active,Jones recorded five tackles (one solo) and an interception during Monday's 31-10 loss at Kansas City.
DEN,Zach Allen,Active,Allen recorded five tackles (three solo) including 2.0 sacks during Monday's 31-10 loss at Kansas City.
DEN,Adam Trautman,Active,Trautman gathered in two of three targets for 10 yards during Monday's 31-10 loss to the Chiefs.
DEN,Lil'Jordan Humphrey,Active,"The Broncos signed Humphrey on Tuesday, Zac Stevens of TheDNVR.com reports."
DEN,Luke Wattenberg,Active,"Wattenberg (undisclosed) was not listed on the Broncos' official injury report Thursday, Aric DiLalla of the team's official site reports."
DEN,Riley Moss,Active,"Moss (ribs) wasn't listed on the Broncos' injury report Thursday, Aric DiLalla of the team's official site reports."
DEN,Jarrett Stidham,Active,"Coach Sean Payton said Wednesday that Stidham will be the Broncos' backup quarterback to begin the 2026 season, Zac Stevens of TheDNVR.com reports."
DEN,Jonathon Cooper,Out,Personal
DEN,Nick Gargiulo,Out,Knee - ACL
DET,Thomas Harper,Injured Reserve,Ankle
DET,Ben Bartch,Out,Foot
DET,Tate Ratledge,Active,"Ratledge (elbow) does not have any injury designation ahead of Sunday's game against the Jets, Tim Twentyman of the Lions' official site reports."
DET,Blake Miller,Active,"Miller (knee) does not have any injury designation ahead of Sunday's game against the Jets, Tim Twentyman of the Lions' official site reports."
DET,Christian Mahogany,Active,"Mahogany (hip) does not have any injury designation ahead of Sunday's game against the Jets, Tim Twentyman of the Lions' official site reports."
DET,Ahmed Hassanein,Active,
DET,Avonte Maddox,Injured Reserve,Foot
DET,Jimmy Rolder,Active,
DET,Keith Abney II,Active,
DET,Ennis Rakestraw Jr.,Active,
DET,Mekhi Wingo,Active,
DET,Aidan Hutchinson,Active,"Hutchinson logged three tackles (two solo), including 1.0 sacks, during the Lions' 41-31 loss to the Bills on Thursday night."
DET,Jack Campbell,Active,Campbell made six tackles (two solo) in the Lions' 41-31 loss to the Bills on Thursday night.
DET,Jacob Saylors,Active,Saylors logged one tackle on kick coverage and recorded two kickoff returns for 58 yards during Thursday night's 41-31 loss to the Bills.
DET,Sione Vaki,Active,Vaki recorded one carry for seven yards and caught his only target for 13 yards during Thursday's 41-31 loss at Buffalo.
DET,Isaac TeSlaa,Active,TeSlaa caught two passes (on five targets) for 26 yards during the Lions' 41-31 loss to the Bills on Thursday.
DET,Jameson Williams,Active,Williams brought in two of four targets for 33 yards in the Lions' 41-31 loss to the Bills on Thursday.
DET,Sam LaPorta,Active,LaPorta brought in six of seven targets for 52 yards and a touchdown in the Lions' 41-31 loss to the Bills on Thursday.
DET,Derrick Barnes,Active,"Barnes recorded seven tackles (five solo), including 1.0 sacks, in Thursday's 41-31 loss to the Bills."
DET,Chuck Clark,Active,Clark finished with 11 tackles (four solo) in Thursday's 41-31 loss to the Bills.
DET,Jared Goff,Active,"Goff completed 26 of 38 passes for 327 yards with four touchdowns and no interceptions while adding three rushes for seven yards in the Lions' 41-31 loss to the Bills on Thursday. He also committed two fumbles, losing one."
DET,Jake Bates,Active,Bates made all four of his extra-point attempts and his only field-goal try in Thursday's 41-31 loss to the Bills.
DET,Amon-Ra St. Brown,Active,St. Brown brought in nine of 13 targets for 142 yards and two touchdowns in the Lions' 41-31 loss to the Bills on Thursday.
DET,Jahmyr Gibbs,Active,Gibbs rushed 16 times for 52 yards and brought in six of eight targets for 61 yards and a touchdown in the Lions' 41-31 loss to the Bills on Thursday.
DET,Levi Onwuzurike,Active,Onwuzurike was signed to the active roster by the Lions ahead of Thursday night's contest against the Bills.
GB,Evan Williams,Active,Williams recorded 10 tackles (four solo) during Thursday's 35-14 loss to Atlanta.
GB,Xavier McKinney,Active,McKinney recorded five tackles (four solo) and one interception during the Packers' 35-14 loss to the Falcons on Thursday.
GB,Zaire Franklin,Active,Franklin tallied 10 tackles (three solo) during the Packers' 35-14 loss to the Falcons on Thursday.
GB,Jonnu Smith,Active,Smith caught two passes on three targets for 16 yards during Thursday's 35-14 loss to Atlanta.
GB,J. Michael Sturdivant,Active,Sturdivant tallied three catches on as many targets for 22 yards during the Packers' 35-14 loss to the Falcons on Thursday.
GB,Bo Melton,Active,Melton logged 21 of 66 offensive snaps during Thursday's 35-14 loss to the Falcons but did not catch his only target. He also recorded two tackles and turned two kickoff returns into 46 yards.
GB,Skyy Moore,Active,Moore logged three catches on seven targets for 31 yards while adding 134 yards on five kickoff returns during the Packers' 35-14 loss to the Falcons on Thursday.
GB,Chris Brooks,Active,Brooks caught his only target for four yards and added a tackle on special teams during the Packers' 35-14 loss to the Falcons on Thursday.
GB,Kaleb Johnson,Active,Johnson tallied four carries for six yards and gathered in one of three targets for 10 yards during Thursday's 35-14 loss to the Falcons.
GB,Laken Tomlinson,Active,"The Packers signed Tomlinson off the Cowboys' practice squad Saturday, Ian Rapoport of NFL Network reports."
GB,Jacob Monk,Questionable,Undisclosed
GB,MarShawn Lloyd,Active,Lloyd rushed four times for 11 yards and brought in two of three targets for seven yards in the Packers' 35-14 loss to the Falcons on Thursday.
GB,Tucker Kraft,Active,Kraft secured four of eight targets for 26 yards in the Packers' 35-14 loss to the Falcons on Thursday. He also recovered a fumble.
GB,Trey Smack,Active,Smack went 0-for-1 on field-goal tries and 2-for-2 on extra-point attempts in Thursday's 35-14 loss to the Falcons.
GB,Jordan Love,Active,Love completed 28 of 53 passes for 312 yards with two touchdowns and one interception and rushed once for no gain in the Packers' 35-14 loss to the Falcons on Thursday. He also committed a fumble recovered by Green Bay.
GB,Matthew Golden,Active,Golden brought in five of 12 targets for 100 yards and a touchdown in the Packers' 35-14 loss to the Falcons on Thursday.
GB,Christian Watson,Active,Watson brought in seven of 10 targets for 96 yards and a touchdown in the Packers' 35-14 loss to the Falcons on Thursday.
GB,Jager Burton,Active,"Burton started at left guard during the Packers' 35-14 loss to the Falcons on Thursday, Rob Demovsky of ESPN.com reports."
GB,Edgerrin Cooper,Questionable,Head
GB,Anthony Campbell,Out,Ankle
GB,Javon Hargrave,Active,"Hargrave (concussion/knee) is active for Thursday Night Football against the Falcons, Mike Spofford of the Packers' official site reports."
GB,Jayden Reed,Out,Neck
GB,Zach Bako-Bewele,Out,Knee
GB,Donovan Jennings,Active,"Jennings (hand) does not have any injury designation ahead of Thursday night's game against the Falcons, Wes Hodkiewicz of the Packers' official site reports."
GB,Aaron Banks,Out,Toe
HOU,Collin Wright,Out,Coach's Decision
HOU,Nate Thomas,Out,Coach's Decision
HOU,Brevin Jordan,Out,Coach's Decision
HOU,Ed Ingram,Out,Groin
HOU,Jadeveon Clowney,Out,Knee
HOU,Nico Collins,Out,Hamstring
HOU,Trent Brown,Active,
HOU,Jake Hummel,Injured Reserve,Groin
HOU,Lewis Bond,Active,"The Texans elevated Bond from the practice squad to the active roster Saturday ahead of Sunday's game against the Colts,"
HOU,Logan Hall,Active,
HOU,M.J. Stewart,Out,Knee
HOU,Will Anderson Jr.,Active,"Anderson compiled eight total tackles (four solo), including 1.0 sacks, while also adding a pass defensed in Sunday's 20-6 loss to Cincinnati."
HOU,Jaylin Noel,Active,Noel caught one pass on five targets for 31 yards and added a 13-yard carry during the Texans' 20-6 loss to the Bengals on Sunday. He also returned three punts for 32 yards and one kickoff for 31 yards.
HOU,Azeez Al-Shaair,Active,Al-Shaair recorded 12 total tackles (six solo) during Sunday's 20-6 loss to the Bengals.
HOU,Jared Wayne,Active,Wayne caught two of his seven targets for 33 yards in Sunday's 20-6 loss to the Bengals.
HOU,Foster Moreau,Active,Moreau caught both of his targets for 34 yards and added a tackle on special teams during Sunday's 20-6 loss to the Bengals.
HOU,Kayshon Boutte,Active,Boutte caught three of five targets for 37 yards during the Texans' 20-6 loss to the Bengals on Sunday.
HOU,Xavier Hutchinson,Active,Hutchinson caught three passes on nine targets for 37 yards during the Texans' 20-6 loss to the Bengals on Sunday.
HOU,Ka'imi Fairbairn,Active,Fairbairn went 2-for-3 on field-goal attempts in Sunday's 20-6 loss to the Bengals.
HOU,Woody Marks,Active,Marks rushed eight times for eight yards in Sunday's 20-6 loss to the Bengals. He added five catches for 27 yards on six targets.
HOU,Dalton Schultz,Active,Schultz brought in 12 of 14 targets for 140 yards in the Texans' 20-6 loss to the Bengals on Sunday.
HOU,David Montgomery,Active,Montgomery rushed six times for 10 yards and brought in both his targets for 14 yards in the Texans' 20-6 loss to the Bengals on Sunday.
HOU,C.J. Stroud,Active,Stroud completed 30 of 55 passes for 353 yards with no touchdowns or interceptions and rushed three times for 29 yards in the Texans' 20-6 loss to the Bengals on Sunday.
HOU,Henry To'oTo'o,Injured Reserve,Shoulder
HOU,Jaden Crumedy,Active,
IND,Nick Westbrook-Ikhine,Active,The Colts elevated Westbrook-Ikhine from the practice squad to the active roster Saturday.
IND,Anthony Gould,Active,The Colts signed Gould from the practice squad to the active roster Saturday.
IND,Alec Pierce,Injured Reserve,Heel
IND,Charvarius Ward,Questionable,Groin
IND,Ashton Dulin,Out,Ankle
IND,DJ Giddens,Active,Giddens (knee) was a full participant in Wednesday's practice.
IND,Laquon Treadwell,Active,Treadwell caught all three of his targets for 61 yards and made one tackle on kick coverage in Sunday's 33-30 overtime loss to the Chiefs.
IND,Akeem Davis-Gaither,Active,Davis-Gaither recorded 14 total tackles (seven solo) during Sunday night's 33-30 overtime loss to the Chiefs.
IND,Micheal Clemons,Injured Reserve,Toe
IND,Seth McGowan,Active,McGowan rushed twice for zero yards and had two kickoff returns for 58 yards in Sunday's 33-30 overtime loss to the Chiefs.
IND,Darius Slayton,Active,"Slayton agreed to a contract Monday with the Colts, Tom Pelissero of Netflix reports."
IND,Spencer Shrader,Active,Shrader made all three of his field-goal attempts and PATs in Sunday night's 33-30 overtime loss to the Chiefs.
IND,Dalton Tucker,Active,
IND,Austin Ajiake,Active,
IND,George Gumbs Jr.,Active,
IND,Riley Leonard,Active,
IND,Keenan Allen,Active,Allen caught one of five targets for five yards in Sunday's 33-30 overtime loss to the Chiefs.
IND,Josh Downs,Active,Downs caught seven of nine targets for 72 yards in Sunday's 33-30 overtime loss to the Chiefs.
IND,Daniel Jones,Active,"Jones completed 22 of 31 passes for 210 yards, one touchdown and one interception in Sunday's 33-30 overtime loss to the Chiefs. He also rushed three times for 10 yards."
IND,Tyler Warren,Active,Warren caught six of seven targets for 21 yards and a touchdown in Sunday's 33-30 overtime loss to the Chiefs. He also rushed once for three yards.
IND,Jonathan Taylor,Active,Taylor rushed 24 times for 92 yards and two touchdowns while catching all four of his targets for 40 yards in Sunday's 33-30 overtime loss to the Chiefs.
IND,Anthony Richardson Sr.,Active,Richardson (groin) was a full participant at practice Thursday.
IND,Cam Taylor-Britt,Active,"Taylor-Britt's one-game suspension for violating the league's personal conduct policy was lifted Monday, Aaron Wilson of KPRC 2 Houston reports."
IND,Drew Ogletree,Active,Ogletree (neck) was a full participant in practice Thursday.
IND,A.J. Haulcy,Active,Haulcy (ankle) was a full participant in Thursday's practice.
JAX,Wesley Williams,Out,Coach's Decision
JAX,CJ Williams,Out,Coach's Decision
JAX,Albert Regis,Out,Elbow
JAX,Jack Kiser,Out,Coach's Decision
JAX,Daniel Faalele,Out,Coach's Decision
JAX,Jalen Huskey,Out,Coach's Decision
JAX,Quinn Ewers,Active,"Ewers is set to be the backup quarterback for the Jaguars in Sunday's game against the Patriots, Ryan O'Halloran of The Florida Times-Union reports."
JAX,DaVon Hamilton,Active,Hamilton (back) does not have an injury designation for Sunday's game against the Patriots.
JAX,LeQuint Allen Jr.,Active,Allen (hip) does not carry an injury designation into Sunday's game against the Patriots.
JAX,Cole Van Lanen,Active,
JAX,Robert Hainsey,Active,
JAX,Jakobi Meyers,Active,Meyers (thumb) was a full participant in Friday's practice and doesn't have an injury designation for Sunday's game against the Patriots.
JAX,Ameer Abdullah,Active,Abdullah carried the ball three times for 11 yards and caught his only target for two yards during Sunday's 20-13 loss to the Broncos.
JAX,Josh Cameron,Active,Cameron returned two kickoffs for 50 yards in Sunday's 20-13 loss to the Broncos.
JAX,Foyesade Oluokun,Active,Oluokun recorded seven total tackles (five solo) during Sunday's 20-13 loss to the Broncos.
JAX,Travis Hunter,Active,Hunter played six offensive snaps but didn't record a target during the Jaguars' 20-13 loss to the Broncos on Sunday.
JAX,Cam Little,Active,Little went 2-for-3 on field-goal attempts and made his lone PAT in Sunday's 20-13 loss to the Broncos.
JAX,Brenton Strange,Active,Strange caught both of his targets for 17 yards in Sunday's 20-13 loss to the Broncos.
JAX,Brian Thomas Jr.,Active,Thomas brought in three of eight targets for 40 yards in the Jaguars' 20-13 loss to the Broncos on Sunday.
JAX,Trevor Lawrence,Active,Lawrence completed 17 of 29 passes for 189 yards with no touchdowns and one interception while rushing twice for six yards in the Jaguars' 20-13 loss to the Broncos on Sunday.
JAX,Parker Washington,Active,Washington brought in seven of 12 targets for 98 yards in the Jaguars' 20-13 loss to the Broncos on Sunday. He also returned two punts for 12 yards and fumbled once but recovered.
JAX,Bhayshul Tuten,Active,Tuten rushed 13 times for 65 yards and a touchdown and brought in both targets for minus-3 yards in the Jaguars' 20-13 loss to the Broncos on Sunday.
JAX,Chris Rodriguez Jr.,Active,Rodriguez rushed six times for 13 yards in the Jaguars' 20-13 loss to the Broncos on Sunday.
JAX,Tanner Koziol,Active,"Koziol (coach's decision) is inactive for Sunday's game against the Broncos, John Oehser of the Jaguars' official site reports."
JAX,B.J. Green II,Injured Reserve,Elbow
KC,L'Jarius Sneed,Active,"Sneed (knee) does not have any injury designation ahead of Sunday's game against the Dolphins, Matt McMullen of the Chiefs' official site reports."
KC,Chris Jones,Active,
KC,Felix Anudike-Uzomah,Active,
KC,Jalen Royals,Active,Royals caught both of his targets for six yards and a touchdown while logging two tackles on kick coverage in Sunday's 33-30 overtime win against the Colts.
KC,Jaden Hicks,Active,Hicks logged 10 tackles (five solo) during the Chiefs' 33-30 overtime win over the Colts on Sunday.
KC,Nick Bolton,Active,Bolton registered 13 tackles (six solo) during the Chiefs' 33-30 overtime win over the Colts on Sunday.
KC,Cyrus Allen,Active,Allen logged three offensive snaps and three special-teams snaps in Sunday's 33-30 overtime win against the Colts.
KC,Noah Gray,Active,Grey played 40 offensive snaps and 10 special-teams snaps in Sunday's 33-30 overtime win against the Colts.
KC,Tyquan Thornton,Active,Thornton caught all four of his targets for 86 yards in Sunday's 33-30 overtime win against the Colts.
KC,Harrison Butker,Active,Butker went 4-for-5 on field-goal attempts and made all three of his PATs in Sunday night's 33-30 overtime win against the Colts.
KC,Emmett Johnson,Active,"Coach Andy Reid said Monday that Johnson could carve out a bigger role on offense as the season goes along, Charles Goldman of AtoZSports.com reports."
KC,Xavier Worthy,Active,Worthy brought in five of seven targets for 25 yards and a touchdown in the Chiefs' 33-30 overtime win over the Colts on Sunday night.
KC,Travis Kelce,Active,Kelce secured nine of 11 targets for 101 yards and one touchdown in the Chiefs' 33-30 overtime win over the Colts on Sunday night.
KC,Rashee Rice,Active,Rice brought in four of six targets for 83 yards in the Chiefs' 33-30 overtime win over the Colts on Sunday night.
KC,Patrick Mahomes,Active,Mahomes completed 32 of 47 passes for 382 yards with three touchdowns and no interceptions while rushing twice for 17 yards in the Chiefs' 33-30 overtime win over the Colts on Sunday night.
KC,Kenneth Walker III,Active,Walker rushed 24 times for 117 yards and brought in six of 10 targets for 61 yards in the Chiefs' 33-30 overtime win over the Colts on Sunday night.
KC,Mansoor Delane,Active,Delane (shoulder) is active for Sunday's game against the Colts.
KC,Cooper McDonald,Injured Reserve,Knee
KC,Nikko Remigio,Active,Remigio returned two punts for seven yards and three kicks for 78 yards during Monday's 31-10 win versus the Broncos.
KC,Jake Briningstool,Active,Briningstool caught his only target for nine yards and made two tackles in Monday night's 31-10 win over the Broncos.
KC,Brashard Smith,Active,Smith had zero carries during Monday's 31-10 win versus the Broncos.
KC,Ashton Gillotte,Active,Gillotte (foot) was a full participant in practice Thursday.
KC,Trey Smith,Active,Smith (hip) was a full participant in practice Thursday.
KC,R Mason Thomas,Active,Thomas (hamstring) was a full participant in practice Thursday.
KC,Drue Tranquill,Active,Tranquill (back) did not appear on Kansas City's injury report Thursday.
LV,Brock Bowers,Questionable,Knee - Meniscus
LV,Cody White,Active,The Raiders elevated White from the practice squad to the active roster Saturday ahead of Sunday's game against the Saints.
LV,Aidan O'Connell,Out,Personal
LV,Treydan Stukes,Out,Concussion
LV,Dareke Young,Active,Young (hamstring) was a full participant in practice Thursday.
LV,Darien Porter,Active,Porter (foot) was a full participant in practice Thursday.
LV,Nakobe Dean,Active,Dean (shoulder) was a full participant in practice Thursday.
LV,Kwity Paye,Questionable,Illness
LV,Folorunso Fatukasi,Active,
LV,Jack Bech,Active,Bech caught both of his targets for 25 yards Sunday in a 26-14 victory versus the Chargers.
LV,Hezekiah Masses,Active,Masses recorded five tackles (four solo) and two interceptions in Sunday's 26-14 win over the Chargers.
LV,Quay Walker,Active,Walker logged 10 tackles (five solo) in Sunday's 26-14 win over the Chargers.
LV,Fernando Mendoza,Active,Mendoza did not play a single snap during the Raiders' 26-14 win over the Chargers on Sunday.
LV,Matt Gay,Active,Gay made his sole field-goal attempt and converted three PATs in Sunday's 26-14 win over the Chargers.
LV,Bryce Cabeldue,Active,
LV,Dalton Johnson,Active,
LV,Tristin McCollum,Active,
LV,JJ Pegues,Active,
LV,Jalen Nailor,Active,Nailor caught one of three targets for nine yards in Sunday's 26-14 win over the Chargers.
LV,Mike Washington Jr.,Active,Washington rushed three times for seven yards while failing to catch his only target during Sunday's 26-14 win over the Chargers.
LV,Michael Mayer,Active,Mayer brought in three of four targets for 23 yards in the Raiders' 26-14 win over the Chargers on Sunday.
LV,Kirk Cousins,Active,Cousins completed 19 of 29 passes for 253 yards with three touchdowns and one interception while rushing four times for one yard in the Raiders' 26-14 win over the Chargers on Sunday.
LV,Ashton Jeanty,Active,Jeanty rushed 21 times for 48 yards and brought in four of seven targets for 15 yards in the Raiders' 26-14 win over the Chargers on Sunday.
LV,Tre Tucker,Active,Tucker caught five of seven targets for 119 yards and a touchdown in the Raiders' 26-14 win over the Chargers on Sunday.
LV,Maxx Crosby,Active,Crosby had two tackles (one solo) and 1.5 sacks in Sunday's 27-13 win over the Dolphins.
LAC,Brenen Thompson,Out,Quadriceps
LAC,Dalvin Tomlinson,Out,Hamstring
LAC,Charlie Kolar,Out,Forearm
LAC,Elijah Molden,Out,Hamstring
LAC,Alex Harkey,Out,Coach's Decision
LAC,Kayode Awosika,Out,Lower Leg
LAC,Trey Pipkins III,Injured Reserve,Knee
LAC,Patrick Herbert,Active,The Chargers elevated Herbert from the practice squad to the active roster Saturday ahead of Sunday's game against the Bills.
LAC,DJ Uiagalelei,Active,The Chargers signed Uiagalelei from the practice squad to the active roster Saturday.
LAC,Tuli Tuipulotu,Active,Tuipulotu (hamstring) does not carry an injury designation into Sunday's game against the Bills.
LAC,Trey Lance,Questionable,Groin
LAC,Derwin James Jr.,Active,James (finger) was a full participant in Thursday's practice.
LAC,Cole Strange,Active,
LAC,Rashawn Slater,Active,
LAC,Deane Leonard,Active,Leonard (abdomen) was a full participant in Wednesday's practice.
LAC,Marquez Valdes-Scantling,Active,Valdes-Scantling was signed to the Chargers' active roster Wednesday.
LAC,Rodney Shelley,Questionable,Hamstring
LAC,David Njoku,Injured Reserve,Lower Leg
LAC,Kimani Vidal,Active,Vidal didn't get a touch during Sunday's 26-14 loss to Las Vegas.
LAC,Daiyan Henley,Active,Henley recorded three assisted tackles during Sunday's 26-14 loss to the Raiders.
LAC,Hayden Rucci,Active,The Chargers signed Rucci off the Jaguars' practice squad Tuesday.
LAC,Tre' Harris,Active,Harris caught one of three targets for 53 yards during Sunday's 26-14 loss to the Raiders.
LAC,Keaton Mitchell,Active,Mitchell rushed five times for 24 yards and caught his only target for 15 yards during Sunday's 26-14 loss to the Raiders.
LAC,Oronde Gadsden,Active,"Gadsden is the only healthy tight end on the Chargers' active roster following the team's 26-14 loss to the Raiders on Sunday, Noah Furtado of The Athletic reports."
LAC,Logan Taylor,Active,
LAR,Puka Nacua,Doubtful,Hip
LAR,Myles Garrett,Injured Reserve,Knee
LAR,Dean Connors,Active,The Rams elevated Connors from the practice squad to the active roster Saturday ahead of Sunday's game against the Broncos.
LAR,Kamren Kinchens,Doubtful,Hamstring
LAR,Nate Landman,Active,"Landman (shoulder) does not carry an injury designation ahead of Sunday's game against the Broncos, Sarah Barshop of ESPN.com reports."
LAR,Jordan Whittington,Active,"Whittington (quadriceps) does not carry an injury designation ahead of Sunday's game versus Denver, Sarah Barshop of ESPN.com reports."
LAR,Colby Parkinson,Questionable,Knee
LAR,Alaric Jackson,Active,Jackson (knee) was a full participant in practice Thursday.
LAR,Terrance Ferguson,Active,"Ferguson (ankle) practiced fully Thursday, Sarah Barshop of ESPN.com reports."
LAR,Ronnie Rivers,Injured Reserve,Calf
LAR,Kam Curl,Active,Curl recorded four tackles (four solo) and a pass breakup in Monday night's win over the Giants.
LAR,Quentin Lake,Active,"Lake recorded seven tackles (six solo), three pass breakups and a forced fumble in Monday night's 28-6 win over the Giants."
LAR,Xavier Smith,Active,"Smith did not catch his only target during Monday's 28-6 win versus the Giants, but he recorded four punt returns for 32 yards and two kickoff returns for 29 yards."
LAR,Tyler Higbee,Active,Higbee played 16 offensive snaps and 11 special-teams snaps in Monday night's 28-6 win over the Giants.
LAR,Tutu Atwell,Active,Atwell caught one of two targets for 19 yards during Monday night's 28-6 win over the Giants.
LAR,Konata Mumpfield,Active,Mumpfield caught one of two targets for 12 yards in Monday night's win over the Giants.
LAR,Davis Allen,Active,Allen caught his only target for seven yards in Monday night's win over the Giants.
LAR,Harrison Mevis,Active,Mevis missed his only field-goal try and made all four of his PATs in Monday night's 28-6 win over the Giants.
LAR,Bill Murray,Active,
LAR,Ty Simpson,Active,
LAR,CJ Daniels,Active,
LAR,Matthew Stafford,Active,Stafford completed 22 of 31 passes for 327 yards with four touchdowns and one interception and rushed four times for minus-1 yard in the Rams' 28-6 win over the Giants on Monday night.
LAR,Blake Corum,Active,Corum rushed 12 times for 79 yards and brought in his only target for 13 yards in the Rams' 28-6 win over the Giants on Monday night. He also fumbled once but recovered.
LAR,Kyren Williams,Active,Williams rushed 12 times for 85 yards and brought in both targets for 12 yards and a touchdown in the Rams' 28-6 win over the Giants on Monday night. He also lost a fumble.
LAR,Davante Adams,Active,Adams secured eight of 10 targets for 195 yards and two touchdowns in the Rams' 28-6 win over the Giants on Monday night.
MIA,Robert Beal Jr.,Out,Hamstring
MIA,Ryan Miller,Questionable,Hip
MIA,Chris Bell,Active,Bell (knee) doesn't have an injury designation for Sunday's game against the Chiefs.
MIA,Tucker Addington,Active,
MIA,Chop Robinson,Active,"Robinson has cleared the concussion protocol and is available to play in Sunday's matchup with the Chiefs, Marcel Louis-Jacques of ESPN.com reports."
MIA,Jaylen Wright,Doubtful,Foot
MIA,Caleb Douglas,Out,Ankle
MIA,JuJu Brents,Questionable,Knee
MIA,Kevin Coleman Jr.,Active,Coleman played 27 offensive snaps and saw no targets in Sunday's 35-13 loss to the 49ers.
MIA,Jordyn Brooks,Active,Brooks recorded three total tackles (two solo) during Sunday's 35-13 loss to San Francisco.
MIA,Jacob Rodriguez,Active,Rodriguez recorded eight total tackles (three solo) during Sunday's 35-13 loss to the 49ers.
MIA,Ollie Gordon II,Active,Gordon rushed three times for seven yards in Sunday's 35-13 loss to the 49ers.
MIA,Malik Washington,Active,"Washington caught four of his five targets for 43 yards, rushed once for four yards, returned a punt for seven yards and returned three kickoffs for 69 yards in Sunday's 35-13 loss to the 49ers."
MIA,Greg Dulcich,Active,Dulcich caught two of his three targets for 17 yards in Sunday's 35-13 loss to the 49ers.
MIA,Riley Patterson,Active,Patterson converted two of his three field-goal attempts and his sole extra-point try during the Dolphins' 35-13 loss to the 49ers.
MIA,Marcellas Dial Jr.,Active,
MIA,Jalen Tolbert,Active,
MIA,Justin Joly,Active,
MIA,DJ Campbell,Active,
MIA,Brady Cook,Active,
MIA,Chukwuebuka Godrick,Active,
MIA,Malik Willis,Active,Willis completed 14 of 23 passes for 197 yards and one touchdown in Sunday's 35-13 loss to the 49ers. He also rushed twice for six yards.
MIA,De'Von Achane,Active,Achane rushed 20 times for 74 yards while catching three of six targets for 19 yards in Sunday's 35-13 loss to the 49ers.
MIA,Ronnie Harrison Jr.,Injured Reserve,Hamstring
MIA,Seydou Traore,Active,
MIN,Nick Samac,Injured Reserve,Knee
MIN,Ivan Pace Jr.,Questionable,Personal
MIN,Brett Thorson,Out,Hamstring
MIN,DeeJay Dallas,Active,Dallas (toe) practiced fully Friday and doesn't have a designation for Sunday's game in Tampa Bay.
MIN,Jalen Redmond,Active,
MIN,Jake Golday,Active,
MIN,Aaron Jones Sr.,Active,"Head coach Kevin O'Connell said Friday that Jones (knee) will be available for Sunday's game at Tampa Bay, Alec Lewis of The Athletic reports."
MIN,Tyrion Ingram-Dawkins,Active,Ingram-Dawkins (oblique) was a full participant in Thursday's practice.
MIN,Brian O'Neill,Active,
MIN,Jauan Jennings,Active,Jennings (personal) was not listed on the Vikings' injury report Wednesday.
MIN,Josh Oliver,Active,Oliver caught his lone target for 24 yards during the Vikings' 9-3 win over the Bears on Sunday.
MIN,Byron Murphy Jr.,Active,Murphy tallied seven tackles (four solo) and an interception during Sunday's win over the Bears.
MIN,Blake Cashman,Active,"Cashman logged 10 tackles (six solo), including 1.0 sacks, during Sunday's win over the Bears."
MIN,Demond Claiborne,Active,Claiborne caught his sole target for two yards in Sunday's 9-3 win over the Bears.
MIN,Dallas Turner,Active,"Turner logged five tackles (three solo), including 2.0 sacks, during the Vikings' 9-3 win over the Bears on Sunday."
MIN,T.J. Hockenson,Active,Hockenson caught three of four targets for 29 yards in Sunday's 9-3 win over the Bears.
MIN,Carson Wentz,Active,Wentz will serve as the Vikings' backup quarterback Sunday against the Buccaneers after head coach Kevin O'Connell announced Monday that Kyler Murray has cleared concussion protocol and will start Week 3.
MIN,Kyler Murray,Active,"Murray has cleared concussion protocol and will return to the starting lineup Sunday against the Buccaneers, Tom Pelissero of Netflix reports."
MIN,Zemaiah Vaughn,Active,
MIN,Elijah Williams,Active,
MIN,Caleb Tiernan,Active,
MIN,Jakobe Thomas,Active,
MIN,Jordan Addison,Active,Addison caught two of five targets for 21 yards in Sunday's 9-3 win over the Bears.
MIN,Will Reichard,Active,Reichard made all three of his field-goal attempts during the Vikings' 9-3 win over the Bears on Sunday.
MIN,Justin Jefferson,Active,Jefferson caught three of six targets for 55 yards in Sunday's 9-3 win over the Bears.
NE,Craig Woodson,Out,Shoulder
NE,Eli Raridon,Out,Thigh
NE,Leonard Taylor III,Out,Coach's Decision
NE,Behren Morton,Out,Coach's Decision
NE,Dre'Mont Jones,Out,Shoulder
NE,Dametrious Crownover,Out,Coach's Decision
NE,Quintayvious Hutchins,Injured Reserve,Knee
NE,Reggie Gilliam,Active,Gilliam (knee) does not have any injury designation ahead of Sunday's game against the Jaguars.
NE,Morgan Moses,Active,
NE,Dell Pettus,Injured Reserve,Ankle
NE,Brenden Schooler,Out,Back
NE,Carlton Davis III,Active,Davis (neck) was a full participant at practice Wednesday.
NE,Kyle Williams,Active,Williams caught one of two targets for 10 yards in Sunday's 20-3 win over the Steelers.
NE,Robert Spillane,Active,Spillane logged six tackles (three solo) in Sunday's 20-3 win over the Steelers.
NE,Charles Woods,Active,Woods logged 10 tackles (eight solo) and defensed one pass in Sunday's 20-3 win over the Steelers.
NE,Elijah Ponder,Active,"Ponder logged five tackles (three solo), including 1.0 sacks, and recovered a fumble he returned for a touchdown in Sunday's 20-3 win over the Steelers."
NE,Christian Elliss,Active,"Elliss logged 12 tackles (seven solo), including 1.0 sacks, and forced a fumble in Sunday's 20-3 win over the Steelers."
NE,Mike Onwenu,Injured Reserve,Ankle
NE,DeMario Douglas,Active,Douglas caught one of two targets for nine yards Sunday in a 20-3 win over the Steelers.
NE,Mack Hollins,Active,Hollins caught both of his targets for 18 yards in Sunday's 20-3 victory over Pittsburgh.
NE,Walter Rouse,Active,
NE,Tanner Arkin,Active,
NE,Hunter Henry,Active,Henry caught three of five targets for 40 yards in the Patriots' 20-3 win over the Steelers on Sunday.
NE,Andy Borregales,Active,Borregales went 2-for-3 on field-goal tries and made both of his extra-point attempts during the Patriots' 20-3 win over the Steelers on Sunday.
NE,Romeo Doubs,Active,Doubs caught three of four targets for 96 yards in Sunday's 20-3 win over the Steelers.
NO,Jalen Moreno-Cropper,Active,The Saints elevated Moreno-Cropper from the practice squad to the active roster Saturday ahead of Sunday's game against the Raiders.
NO,Kevin Austin Jr.,Active,The Saints elevated Austin from the practice squad to the active roster Saturday ahead of Sunday's game against the Raiders.
NO,Kelvin Banks Jr.,Injured Reserve,Ankle
NO,Martin Emerson Jr.,Questionable,Shoulder
NO,Christen Miller,Out,Toe
NO,Barion Brown,Out,Hamstring
NO,Kendre Miller,Active,Miller (illness) doesn't carry an injury designation ahead of Sunday's game against the Raiders.
NO,Travis Etienne Jr.,Active,"Head coach Kellen Moore said Friday that Etienne (hamstring) has been removed from the Saints' injury report and is ""available and ready to go"" for Sunday's game versus the Raiders."
NO,Jonas Sanker,Active,"Sanker (knee) was a full participant in Thursday's practice, Mike Triplett of NewOrleans.Football reports."
NO,Chase Young,Active,"Young (calf) was a full participant in Thursday's practice, Mike Triplett of NewOrleans.Football reports."
NO,Nathan Shepherd,Active,
NO,Isaiah Stalbird,Active,Stalbird (shoulder) was a full participant at the Saints' practice Wednesday.
NO,Oscar Delp,Active,Delp gathered in his only target for eight yards during Sunday's 24-17 victory over the Ravens.
NO,Bryce Lance,Active,Lance caught his only target for eight yards in Sunday's 24-17 victory against Baltimore.
NO,Kaden Elliss,Active,Elliss recorded six tackles (four solo) during Sunday's 24-17 win at Baltimore.
NO,Pete Werner,Active,"Werner recorded 11 tackles (eight solo), including 1.0 sacks, during Sunday's 24-17 win at Baltimore."
NO,Daniel Carlson,Active,Carlson went 3-for-3 on field-goal attempts and made his only extra-point try during Sunday's 24-17 win over Baltimore.
NO,Alvin Kamara,Active,Kamara rushed nine times for 15 yards and caught five of six targets for seven yards in Sunday's 24-17 win over the Ravens.
NO,Juwan Johnson,Active,Johnson caught all four targets for 66 yards in Sunday's 24-17 win over the Ravens.
NO,Zach Wilson,Active,
NO,Decamerion Richardson,Active,
NO,Mason Murphy,Active,
NO,John Ridgeway III,Active,
NO,Devaughn Vele,Active,Vele caught five of seven targets for 64 yards during Sunday's 24-17 win over the Ravens.
NO,Tyler Shough,Active,Shough completed 27 of 34 passes for 252 yards and a touchdown while adding 23 yards and a TD on nine carries in Sunday's 24-17 win over the Ravens.
NYG,Braxton Berrios,Active,"The Giants elevated Berrios from the practice squad to the active roster Saturday ahead of Sunday's game against the Titans, Dan Salomone of the Giants' official site reports."
NYG,Jake Haener,Active,"The Giants signed Haener from the practice squad to the active roster Saturday, Dan Salomone of the team's official site reports."
NYG,Andrew Thomas,Active,"Thomas (groin) does not have any injury designation ahead of Sunday's game against the Titans, Mike Garafolo of NFL Network reports."
NYG,Deonte Banks,Questionable,Calf
NYG,Tyler Nubin,Questionable,Calf
NYG,Brian Burns,Questionable,Ankle
NYG,Shelby Harris,Active,
NYG,Jaxson Dart,Injured Reserve,Knee - Meniscus
NYG,Malik Nabers,Active,"Nabers (shoulder) practiced in full Thursday, Dan Salomone of the Giants' official site reports."
NYG,Micah McFadden,Active,"McFadden (neck) was listed as a full participant in Wednesday's practice estimate,  Dan Salomone of the Giants' official site reports."
NYG,Tremaine Edmunds,Active,Edmunds logged five assisted tackles and one pass defensed in Monday's 28-6 loss to the Rams.
NYG,Jevon Holland,Active,"Holland logged eight tackles (five solo), one pass defensed for an interception and one fumble recovery in Monday's 28-6 loss to the Rams."
NYG,Theo Johnson,Active,Johnson played 16 of the Giants' 58 offensive snaps but did not haul in any of his four targets during Monday's 28-6 loss to the Rams.
NYG,Odell Beckham Jr.,Active,Beckham played three of the Giants' 58 offensive snaps and did not see a target in Monday's 28-6 loss to the Rams.
NYG,Dominic Zvada,Active,Zvada made both of his field-goal attempts in Monday's 28-6 loss to the Rams.
NYG,Darnell Mooney,Active,Mooney caught two of three targets for 48 yards in Monday night's 28-6 loss to the Rams.
NYG,Devin Singletary,Active,Singletary rushed three times for nine yards during Monday night's 28-6 loss to the Rams.
NYG,Najee Harris,Active,Harris turned four carries into six yards during the Giants' 28-6 loss to the Rams on Monday.
NYG,Tyrone Tracy Jr.,Active,Tracy played only one offensive snap during the Giants' 28-6 loss to the Rams on Monday.
NYG,Darius Alexander,Active,
NYG,J.C. Davis,Active,
NYG,Bobby Jamison-Travis,Active,
NYG,Thomas Fidone II,Active,
NYG,Jason Pinnock,Active,
NYG,Jameis Winston,Active,"Winston could be in line for an extended run as the Giants' starting quarterback after Jaxson Dart sustained a more serious knee injury than anticipated in Monday's 28-6 loss to the Rams, Ian Rapoport and Mike Garafolo of NFL Network report."
NYJ,Kene Nwangwu,Out,Back
NYJ,Jamaal Pritchett,Active,"The Jets signed Pritchett from the practice squad to the active roster Saturday, Zack Rosenblatt of The Athletic reports."
NYJ,Sterling Shepard,Active,"The Jets elevated Shepard from the practice squad to the active roster Saturday, Zack Rosenblatt of The Athletic reports."
NYJ,Jason Sanders,Active,"The Jets elevated Sanders from the practice squad to the active roster Saturday, Zack Rosenblatt of The Athletic reports."
NYJ,Joseph Ossai,Questionable,Foot
NYJ,Kiko Mauigoa,Out,Quadriceps
NYJ,Minkah Fitzpatrick,Out,Groin
NYJ,Adonai Mitchell,Questionable,Finger
NYJ,Mason Taylor,Out,Thumb
NYJ,Arian Smith,Injured Reserve,Knee - ACL
NYJ,David Onyemata,Injured Reserve,Groin
NYJ,David Bailey,Active,
NYJ,Demario Davis,Active,Davis posted four tackles (three solo) during the Jets' 20-17 overtime loss to the Packers on Sunday.
NYJ,Jamien Sherwood,Active,Sherwood posted six tackles (three solo) and a pass defense during the Jets' 20-17 overtime loss to the Packers on Sunday.
NYJ,Marcelino McCrary-Ball,Injured Reserve,Ankle
NYJ,Troy Reeder,Active,The Jets signed Reeder off the practice squad Tuesday.
NYJ,Isaiah Davis,Active,Davis didn't have any output in the box score during the Jets' overtime loss to the Packers on Sunday.
NYJ,Malik McClain,Active,The Jets signed McClain from the practice squad to the active roster Tuesday.
NYJ,Braelon Allen,Active,Allen rushed five times for seven yards and a touchdown while catching his only target for eight yards in Sunday's 20-17 overtime loss to the Packers.
NYJ,Kenyon Sadiq,Active,Sadiq caught two of three targets for 17 yards during Sunday's 20-17 overtime loss to the Packers.
NYJ,Isaiah Williams,Active,Williams caught all six of his targets for 34 yards and added a 14-yard carry during the Jets' 20-17 overtime loss to the Packers on Sunday. He also returned three punts for two yards and five kickoffs for 124 yards.
NYJ,Trevin Wallace,Active,
NYJ,D'Angelo Ponds,Active,
NYJ,Blake Grupe,Active,
NYJ,Geno Smith,Active,Smith completed 27 of 41 passes for 247 yards and one touchdown in Sunday's 20-17 overtime loss to the Packers. He also rushed five times for 17 yards.
PHI,Fred Johnson,Out,Knee
PHI,Jonathan Greenard,Questionable,Pectoral
PHI,Hollywood Brown,Out,Ankle
PHI,Will Shipley,Active,Shipley (foot) was a limited participant in Saturday's practice but does not carry an injury designation into Monday's game against the Bears.
PHI,Tank Bigsby,Active,Bigsby (abdomen) does not carry an injury designation into Monday's game against the Bears.
PHI,Dallas Goedert,Out,Knee - MCL
PHI,DeVonta Smith,Active,"Smith (hamstring) is participating in Saturday's practice, Dave Zangaro of NBC Sports Philadelphia reports."
PHI,Andrew Mukuba,Active,Mukuba (knee) was a full participant in Friday's practice.
PHI,Jalen Carter,Active,Carter (wrist) was a full participant in Friday's practice.
PHI,Saquon Barkley,Active,Barkley (stinger) was a full practice participant Friday.
PHI,Darius Cooper,Active,Cooper caught two of three targets for 26 yards and a touchdown in the Eagles' 24-20 win over the Titans on Sunday.
PHI,Johnny Mundt,Active,Mundt caught two of three targets for eight yards in Sunday's 24-20 win against the Titans.
PHI,Zack Baun,Active,Baun recorded four total tackles (two solo) during Sunday's 24-20 win over Tennessee.
PHI,Jihaad Campbell,Active,Campbell recorded 10 total tackles (six solo) and a forced fumble during Sunday's 24-20 win over the Titans.
PHI,Zach Ertz,Active,"Ertz signed with the Eagles' practice squad Tuesday, Chris McPherson of the team's official site reports."
PHI,Jake Elliott,Active,Elliott converted his only field-goal attempt and made all three of his PATs in Sunday's 24-20 win over the Titans.
PHI,Makai Lemon,Active,Lemon caught his lone target for 14 yards while turning one carry into minus-5 yards during the Eagles' 24-20 win over the Titans on Sunday.
PHI,Tanner McKee,Active,
PHI,Cole Payton,Active,
PHI,Elijah Moore,Active,
PHI,Micah Morris,Active,
PHI,Dontayvion Wicks,Active,Wicks caught five of six targets for 74 yards in Sunday's 24-20 win over the Titans.
PHI,Jalen Hurts,Active,Hurts completed 26 of 37 passes for 264 yards and two touchdowns with two interceptions in Sunday's 24-20 win over Tennessee. He added 16 yards on five carries.
PHI,Andy Dalton,Active,Dalton is active as the Eagles' top backup quarterback for Sunday's game against the Titans.
PHI,Cooper DeJean,Active,DeJean (calf) does not carry an injury designation into Sunday's game against the Titans.
PIT,Brock Hoffman,Active,"Hoffman will start at right guard against the Bengals on Sunday, Ian Rapoport of NFL Network reports."
PIT,Max Iheanachor,Active,"Iheanachor will start at right tackle against the Bengals on Sunday, Ian Rapoport of NFL Network reports."
PIT,Michael Pittman Jr.,Questionable,Foot
PIT,Jaylen Warren,Questionable,Shoulder
PIT,Gennings Dunker,Injured Reserve,Knee
PIT,Lew Nichols,Active,"The Steelers elevated Nichols from the practice squad to the active roster Saturday ahead of Sunday's game against the Bengals, Teresa Varley of the Steelers' official site reports."
PIT,Travis Homer,Active,"The Steelers signed Homer from the practice squad to the active roster Saturday, Teresa Varley of the team's official site reports."
PIT,Jamel Dean,Questionable,Ankle
PIT,Joey Porter Jr.,Questionable,Undisclosed
PIT,Rico Dowdle,Out,Toe
PIT,Patrick Queen,Active,Queen recorded two tackles (zero solo) and an interception in Sunday's 20-3 loss to the Patriots.
PIT,Darnell Washington,Active,Washington caught one of his two targets for seven yards in Sunday's loss to the Patriots.
PIT,Chris Boswell,Active,Boswell went 1-for-2 on field-goal tries in Sunday's 20-3 loss to the Patriots.
PIT,Pat Freiermuth,Active,Freiermuth caught four passes (on five targets) for 32 yards while logging a two-yard carry during the Steelers' 20-3 loss to the Patriots on Sunday.
PIT,Roman Wilson,Active,Wilson caught five of six targets for 28 yards during the Steelers' 20-3 loss to the Patriots on Sunday.
PIT,Germie Bernard,Active,Bernard caught four passes on eight targets for 35 yards during the Steelers' 20-3 loss to the Patriots on Sunday.
PIT,Gabriel Rubio,Active,
PIT,Kevin Jobity Jr.,Active,
PIT,Drew Allar,Active,
PIT,Will Howard,Active,
PIT,DK Metcalf,Active,Metcalf caught four of nine targets for 27 yards in Sunday's 20-3 loss to the Patriots.
PIT,Aaron Rodgers,Active,"Rodgers completed 23 of 39 passes for 187 yards, no touchdowns and one interception in Sunday's 20-3 loss to the Patriots. He also rushed once for five yards and fumbled twice, losing one."
PIT,Troy Fautanu,Active,Fautanu (ankle) is active for Sunday's game against the Patriots.
PIT,Jaquan Brisker,Active,Brisker recorded six tackles (four solo) and an interception during Sunday's 20-13 win versus the Falcons.
PIT,Payton Wilson,Active,Wilson recorded 13 tackles (five solo) during Sunday's 20-13 win versus the Falcons.
SF,Mike Evans,Questionable,Hip
SF,Demarcus Robinson,Injured Reserve,Ankle
SF,James Thompson Jr.,Out,Ankle
SF,Romello Height,Out,Hand
SF,Nick Bosa,Out,Calf
SF,Naquan Jones,Active,The 49ers signed Jones to the active roster Wednesday from the Vikings' practice squad.
SF,C.J. West,Injured Reserve,Undisclosed
SF,Mac Jones,Active,Jones did not attempt a pass and lost two yards on two end-of-game kneel-down plays during Sunday's 35-13 victory over the Dolphins.
SF,Kyle Juszczyk,Active,Juszczyk recorded two catches on two targets for 27 yards and a touchdown in Sunday's win over the Dolphins.
SF,Fred Warner,Active,"Warner recorded five tackles (one solo), including 0.5 sacks, and a forced fumble during Sunday's 35-13 win versus the Dolphins."
SF,Ji'Ayir Brown,Active,Brown recorded 13 tackles (four solo) during Sunday's 35-13 win versus the Dolphins.
SF,Marques Sigle,Active,"Sigle recorded seven tackles (three solo), including 1.0 sacks, during Sunday's 35-13 win versus the Dolphins."
SF,Jordan James,Active,James saw four carries for 15 yards in Sunday's 35-13 win over the Dolphins.
SF,Eddy Pineiro,Active,Pineiro did not have any field-goal tries but converted on all five of his extra-point attempts during Sunday's 35-13 win versus the Dolphins.
SF,Tatum Bethune,Active,
SF,Enrique Cruz Jr.,Active,
SF,Ephesians Prysock,Active,
SF,Brandon Aiyuk,Out,Personal
SF,Deebo Samuel Sr.,Active,Samuel caught three of four targets for 31 yards in the 49ers' 35-13 win over the Dolphins on Sunday. He rushed one time for four yards.
SF,Kaelon Black,Active,Black (groin) rushed seven times for 25 yards and wasn't targeted in Sunday's 35-13 win over the Dolphins.
SF,George Kittle,Active,Kittle caught all four of his targets for 80 yards and a touchdown in Sunday's 35-13 win over the Dolphins.
SF,Brock Purdy,Active,Purdy completed 20 of 22 passes for 287 yards and two touchdowns in Sunday's 35-13 win over the Dolphins. He also rushed three times for 30 yards and a touchdown.
SF,Christian McCaffrey,Active,McCaffrey rushed 10 times for 23 yards and two touchdowns while catching both of his targets for 43 yards in Sunday's 35-13 win over the Dolphins.
SF,Jack Jones,Questionable,Foot
SF,Jordan Watkins,Active,Watkins (coach's decision) is inactive for Sunday's game against the Dolphins.
SEA,Brandon Pili,Out,Concussion
SEA,Avery Smith,Out,Coach's Decision
SEA,Julian Love,Out,Calf
SEA,Jalen Milroe,Out,Coach's Decision
SEA,Connor O'Toole,Out,Coach's Decision
SEA,Ty Okada,Out,Hamstring
SEA,Montorie Foster Jr.,Out,Coach's Decision
SEA,Velus Jones Jr.,Active,"The Seahawks elevated Jones from the practice squad to the active roster Saturday ahead of Sunday's game against the Commanders, John Boyle of the Seahawks' official site reports."
SEA,Emanuel Wilson,Active,"Wilson will be the Seahawks' RB2 for Sunday's game against the Commanders after Jadarian Price (chest) was cleared to play, John Boyle of the team's official site reports."
SEA,George Holani,Active,Holani (knee) doesn't have a designation for Sunday's contest at Washington.
SEA,Drew Lock,Active,"Lock will return to a backup role for Sunday's game at Washington after coach Mike Macdonald said Friday that Sam Darnold (glute) is ""going to play,"" John Boyle of the Seahawks' official site reports."
SEA,Zach Charbonnet,Out,Knee - ACL
SEA,Jadarian Price,Active,"Head coach Mike Macdonald said Friday that Price (shoulder) received ""a ton of reps"" in practice this week and will be ""full go"" Sunday in Washington, Gregg Bell of The Tacoma News Tribune reports."
SEA,Ernest Jones IV,Active,"Jones (neck) was a full participant in Thursday's practice, Brady Henderson of ESPN.com reports."
SEA,Cooper Kupp,Active,"Kupp (back) was a full participant at the Seahawks' practice Thursday, Brady Henderson of ESPN.com reports."
SEA,Sam Darnold,Active,"Darnold (glute) was a full practice participant Thursday, John Boyle of the Seahawks' official site reports."
SEA,Brady Russell,Active,
SEA,Nick Emmanwori,Active,"Emmanwori (ankle) will have a ""significantly higher"" workload in Week 3, Brady Henderson of ESPN reports."
SEA,Anthony Bradford,Injured Reserve,Knee
SEA,Rodney Thomas II,Active,"The Seahawks signed Thomas from the practice squad to the active roster Wednesday, John Boyle of the team's official site reports."
SEA,Tory Horton,Active,Horton played 22 of the Seahawks' 70 offensive snaps and did not show up in the box score otherwise during Sunday's 31-7 win over the Cardinals.
SEA,Elijah Arroyo,Active,Arroyo caught his only target for 17 yards during Sunday's 31-7 win over Arizona.
SEA,Rashid Shaheed,Active,"Shaheed caught three of six targets for 35 yards while also adding a four-yard rush, 29 yards on three punt returns and two kickoff returns for 47 yards during Sunday's 31-7 win over Arizona."
SEA,AJ Barner,Active,Barner caught his only target for eight yards while also adding a one-yard rushing touchdown during Sunday's 31-7 win over Arizona.
SEA,Mike Morris,Active,
TB,Josiah Trotter,Out,Shoulder
TB,Rueben Bain Jr.,Out,Groin
TB,Anthony Nelson,Active,
TB,Jacob Parrish,Active,Parrish (back) was full participant at the Buccaneers' practice Wednesday.
TB,Tez Johnson,Active,Johnson caught one of his four targets for 49 yards and returned two punts for 14 yards in Sunday's 23-19 loss to the Browns.
TB,Tykee Smith,Active,"Smith recorded five total tackles (four solo), including three for a loss, during Sunday's 23-19 defeat to Cleveland."
TB,Sean Tucker,Active,Tucker played one special-teams snap in Sunday's 23-19 loss to the Browns.
TB,Jalen McMillan,Active,McMillan didn't record any targets and played just seven of Tampa Bay's 65 offensive snaps in Sunday's Week 2 loss to Cleveland.
TB,Ted Hurst III,Active,Hurst caught two passes (on seven targets) for 27 yards during the Buccaneers' 23-19 loss to the Browns on Sunday.
TB,Cade Otton,Active,Otton caught five of six targets for 38 yards during the Buccaneers' 23-19 loss to the Browns on Sunday.
TB,Elijah Simmons,Active,
TB,Ayden Garnes,Active,
TB,Luke Haggard,Active,
TB,Billy Schrauth,Active,
TB,DeMonte Capehart,Active,
TB,Chris Godwin Jr.,Active,Godwin caught all three of his targets for 46 yards in Tampa Bay's 23-19 loss to the Browns on Sunday. He added 12 rushing yards on one attempt.
TB,Kenny Gainwell,Active,Gainwell rushed two times for 10 yards in Sunday's 23-19 loss to the Browns. He added three catches for five yards on four targets.
TB,Chase McLaughlin,Active,McLaughlin made all four of his field-goal attempts and his lone extra-point try during the Buccaneers' 23-19 loss to the Browns on Sunday.
TB,Baker Mayfield,Active,Mayfield completed 21 of 34 passes for 182 yards with one touchdown and one interception while adding four rushes for 29 yards in the Buccaneers' 23-19 loss to the Browns on Sunday.
TB,Emeka Egbuka,Active,Egbuka brought in three of five targets for 16 yards and a touchdown while rushing once for minus-3 yards in the Buccaneers' 23-19 loss to the Browns on Sunday.
TB,Bucky Irving,Active,Irving rushed 17 times for 89 yards and brought in all four of his targets for one yard in the Buccaneers' 23-19 loss to the Browns on Sunday.
TB,Miles Killebrew,Active,"Killebrew (concussion) is active for Sunday's game against the Browns, Brianna Dix of the Buccaneers' official site reports."
TB,Justin Skule,Active,Skule (oblique) was a full participant in Wednesday's practice.
TB,Christian Rozeboom,Active,Rozeboom (foot) is active for Sunday's game against the Bengals.
TB,Josh Hayes,Injured Reserve,Knee
TEN,Tyjae Spears,Questionable,Ankle
TEN,Erick Hallett II,Active,The Titans signed Hallett from the practice squad to the active roster Saturday.
TEN,Michael Carter,Active,The Titans elevated Carter from the practice squad to the active roster Saturday.
TEN,Cor'Dale Flott,Questionable,Quadriceps
TEN,Daniel Bellinger,Active,Bellinger (illness) does not have an injury designation heading into Sunday's game against the Giants.
TEN,Nicholas Singleton,Active,"Head coach Robert Saleh indicated Friday that the Titans will give Singleton more carries in the team's Week 3 road tilt against the Giants on Sunday, Jim Wyatt of the Titans' official site reports."
TEN,Micah Robinson,Active,
TEN,Solomon Thomas,Active,
TEN,Tony Pollard,Active,"Pollard (ankle) doesn't have an injury designation for Sunday's game against the Giants after returning to a full practice Friday, Jim Wyatt of the Titans' official site reports."
TEN,Fernando Carmona,Active,Carmona (shoulder) was a full participant in Wednesday's practice.
TEN,James Williams Sr.,Active,Williams (elbow) was a full participant in Wednesday's practice.
TEN,Marcus Harris,Active,Harris logged six tackles (four solo) and one pass defensed for an interception in Sunday's 24-20 loss to the Eagles.
TEN,Amani Hooker,Active,Hooker logged six tackles (three solo) and one pass defensed for an interception in Sunday's 24-20 loss to the Eagles.
TEN,Anthony Hill Jr.,Active,Hill recorded 10 tackles (six solo) in Sunday's 24-20 loss to the Eagles.
TEN,Elic Ayomanor,Active,Ayomanor caught two of three targets for 69 yards during the Titans' 24-20 loss to the Eagles on Sunday.
TEN,Calvin Ridley,Active,Ridley caught both of his targets for 35 yards during the Titans' 24-20 loss to the Eagles on Sunday.
TEN,Brandon Crenshaw-Dickson,Active,
TEN,Atonio Mafi,Active,
TEN,Kylen Granson,Active,
TEN,Jackie Marshall,Active,
TEN,Wan'Dale Robinson,Active,Robinson caught his only target for nine yards in Sunday's 24-20 loss to the Eagles.
TEN,Gunnar Helm,Active,Helm caught both of his targets for 13 yards in the Titans' 24-20 loss to the Eagles on Sunday.
TEN,Carnell Tate,Active,Tate caught three of five targets for 27 yards in the Titans' 24-20 loss to the Eagles on Sunday.
TEN,Joey Slye,Active,Slye made both of his field-goal attempts and each of his two extra-point tries during the Titans' 24-20 loss to the Eagles on Sunday.
TEN,Cam Ward,Active,Ward completed 13 of 20 passes for 183 yards without a touchdown or interception in Sunday's 24-20 loss to the Eagles. He added seven rushing yards and two TDs on four carries.
WSH,Frankie Luvu,Out,Groin
WSH,Chig Okonkwo,Out,Hamstring
WSH,Javontae Jean-Baptiste,Out,Coach's Decision
WSH,Sam Cosmi,Out,Concussion
WSH,Nick Cross,Out,Illness
WSH,Jayden Daniels,Out,Elbow
WSH,Javon Kinlaw,Active,Kinlaw (shoulder) does not have any injury designation ahead of Sunday's game against the Seahawks.
WSH,Leo Chenal,Active,Chenal (chest) does not have any injury designation ahead of Sunday's game against the Seahawks.
WSH,Charles Omenihu,Active,
WSH,Percy Butler,Active,
WSH,Jaylin Lane,Active,
WSH,Dorance Armstrong,Active,
WSH,Jeremy Reaves,Active,Reaves (knee) was a full participant in practice Thursday.
WSH,Tyler Owens,Active,
WSH,Kaytron Allen,Active,
WSH,Brandon Coleman,Active,Coleman (finger) was a full participant at the Commanders' practice Wednesday.
WSH,Colson Yankoff,Active,Yankoff caught his only target for 14 yards in Sunday's Week 2 loss to Dallas.
WSH,Treylon Burks,Active,Burks failed to catch his lone target in Sunday's 37-20 loss to the Cowboys.
WSH,John Bates,Active,Bates played 22 offensive snaps and 14 special-teams snaps in Sunday's 37-20 loss to the Cowboys.
WSH,Sonny Styles,Active,Styles recorded three total tackles during Sunday's 37-20 loss to the Cowboys.
WSH,Ben Sinnott,Active,Sinnott caught his only target for six yards in Sunday's 37-20 loss to the Cowboys.
WSH,Dyami Brown,Active,Brown caught four of his six targets for 21 yards and completed his sole pass attempt for zero yards while losing one fumble in Sunday's 37-20 loss to the Cowboys.
WSH,Antonio Williams,Active,Williams caught all three of his targets for 24 yards and failed to complete his only pass attempt in Sunday's 37-20 loss to the Cowboys.
WSH,Drew Stevens,Active,Stevens made two of his three field-goal attempts while converting both PATs in Sunday's 37-20 loss to the Cowboys.
WSH,Marcus Mariota,Active,"Mariota is expected to start Sunday's game against Seattle while the Commanders continue to gather more information on the severity of Jayden Daniels' dislocated left elbow, Adam Schefter of ESPN reports."
