Defense,Position,Games Played,Players Faced,Pass Yards Allowed,Pass TD Allowed,Interceptions Forced,Rush Attempts Allowed,Rush Yards Allowed,Rush TD Allowed,Targets Allowed,Receptions Allowed,Receiving Yards Allowed,Receiving TD Allowed,PPR Points Allowed,Pass Yards Allowed Per Game,Pass TD Allowed Per Game,Interceptions Forced Per Game,Rush Attempts Allowed Per Game,Rush Yards Allowed Per Game,Rush TD Allowed Per Game,Targets Allowed Per Game,Receptions Allowed Per Game,Receiving Yards Allowed Per Game,Receiving TD Allowed Per Game,PPR Points Allowed Per Game,PPR Points Allowed Rank,Matchup Label
DET,QB,3,3,979,9,2,20,89,2,0,0,0,0,92.06,326.33,3.0,0.67,6.67,29.67,0.67,0.0,0.0,0.0,0.0,30.69,1,QB vs DET
WSH,QB,3,3,861,11,2,12,77,0,0,0,0,0,82.14,287.0,3.67,0.67,4.0,25.67,0.0,0.0,0.0,0.0,0.0,27.38,2,QB vs WSH
DAL,QB,3,4,623,7,0,25,176,0,0,0,0,0,70.52000000000001,207.67,2.33,0.0,8.33,58.67,0.0,0.0,0.0,0.0,0.0,23.51,3,QB vs DAL
IND,QB,3,3,873,5,0,11,67,1,0,0,0,0,67.62,291.0,1.67,0.0,3.67,22.33,0.33,0.0,0.0,0.0,0.0,22.54,4,QB vs IND
ARI,QB,3,3,741,8,1,7,63,0,0,0,0,0,65.94,247.0,2.67,0.33,2.33,21.0,0.0,0.0,0.0,0.0,0.0,21.98,5,QB vs ARI
HOU,QB,3,3,776,5,1,10,27,2,0,0,0,0,63.739999999999995,258.67,1.67,0.33,3.33,9.0,0.67,0.0,0.0,0.0,0.0,21.25,6,QB vs HOU
BUF,QB,3,3,827,7,1,9,39,0,0,0,0,0,62.980000000000004,275.67,2.33,0.33,3.0,13.0,0.0,0.0,0.0,0.0,0.0,20.99,7,QB vs BUF
PHI,QB,3,3,594,4,0,13,44,3,0,0,0,0,62.16,198.0,1.33,0.0,4.33,14.67,1.0,0.0,0.0,0.0,0.0,20.72,8,QB vs PHI
CAR,QB,3,5,558,4,3,25,146,2,0,0,0,0,58.92,186.0,1.33,1.0,8.33,48.67,0.67,0.0,0.0,0.0,0.0,19.64,9,QB vs CAR
MIA,QB,3,4,693,7,3,11,23,1,0,0,0,0,58.02,231.0,2.33,1.0,3.67,7.67,0.33,0.0,0.0,0.0,0.0,19.34,10,QB vs MIA
CIN,QB,3,3,861,3,1,11,69,1,0,0,0,0,57.34,287.0,1.0,0.33,3.67,23.0,0.33,0.0,0.0,0.0,0.0,19.11,11,QB vs CIN
LAC,QB,3,3,734,4,3,18,37,2,1,1,1,0,56.16,244.67,1.33,1.0,6.0,12.33,0.67,0.33,0.33,0.33,0.0,18.72,12,QB vs LAC
ATL,QB,3,4,820,6,1,6,-1,0,0,0,0,0,54.7,273.33,2.0,0.33,2.0,-0.33,0.0,0.0,0.0,0.0,0.0,18.23,13,QB vs ATL
NO,QB,3,3,689,6,1,9,39,0,0,0,0,0,53.46,229.67,2.0,0.33,3.0,13.0,0.0,0.0,0.0,0.0,0.0,17.82,14,QB vs NO
LV,QB,3,3,667,5,4,10,77,1,0,0,0,0,52.379999999999995,222.33,1.67,1.33,3.33,25.67,0.33,0.0,0.0,0.0,0.0,17.46,15,QB vs LV
CLE,QB,3,4,718,6,2,9,29,0,0,0,0,0,51.620000000000005,239.33,2.0,0.67,3.0,9.67,0.0,0.0,0.0,0.0,0.0,17.21,16,QB vs CLE
NYG,QB,3,3,683,7,3,7,15,0,0,0,0,0,50.82,227.67,2.33,1.0,2.33,5.0,0.0,0.0,0.0,0.0,0.0,16.94,17,QB vs NYG
CHI,QB,3,5,657,3,3,10,65,2,0,0,0,0,50.78,219.0,1.0,1.0,3.33,21.67,0.67,0.0,0.0,0.0,0.0,16.93,18,QB vs CHI
DEN,QB,3,3,763,4,4,11,42,1,0,0,0,0,48.72,254.33,1.33,1.33,3.67,14.0,0.33,0.0,0.0,0.0,0.0,16.24,19,QB vs DEN
BAL,QB,3,3,694,3,1,14,46,1,0,0,0,0,48.36,231.33,1.0,0.33,4.67,15.33,0.33,0.0,0.0,0.0,0.0,16.12,20,QB vs BAL
NYJ,QB,3,3,554,5,0,8,27,0,0,0,0,0,44.86,184.67,1.67,0.0,2.67,9.0,0.0,0.0,0.0,0.0,0.0,14.95,21,QB vs NYJ
LAR,QB,3,4,522,5,3,11,37,1,0,0,0,0,44.58,174.0,1.67,1.0,3.67,12.33,0.33,0.0,0.0,0.0,0.0,14.86,22,QB vs LAR
GB,QB,3,4,654,5,2,14,23,0,0,0,0,0,44.459999999999994,218.0,1.67,0.67,4.67,7.67,0.0,0.0,0.0,0.0,0.0,14.82,23,QB vs GB
TB,QB,3,3,660,4,2,14,59,0,0,0,0,0,44.3,220.0,1.33,0.67,4.67,19.67,0.0,0.0,0.0,0.0,0.0,14.77,24,QB vs TB
SF,QB,3,4,645,3,1,9,18,1,0,0,0,0,43.6,215.0,1.0,0.33,3.0,6.0,0.33,0.0,0.0,0.0,0.0,14.53,25,QB vs SF
MIN,QB,3,5,796,3,4,9,57,0,0,0,0,0,41.54,265.33,1.0,1.33,3.0,19.0,0.0,0.0,0.0,0.0,0.0,13.85,26,QB vs MIN
NE,QB,3,5,569,4,2,8,46,0,0,0,0,0,39.36,189.67,1.33,0.67,2.67,15.33,0.0,0.0,0.0,0.0,0.0,13.12,27,QB vs NE
PIT,QB,3,3,633,4,3,6,30,0,0,0,0,0,38.31999999999999,211.0,1.33,1.0,2.0,10.0,0.0,0.0,0.0,0.0,0.0,12.77,28,QB vs PIT
SEA,QB,3,3,456,5,4,13,65,0,0,0,0,0,36.74,152.0,1.67,1.33,4.33,21.67,0.0,0.0,0.0,0.0,0.0,12.25,29,QB vs SEA
JAX,QB,3,4,722,2,4,16,64,0,0,0,0,0,35.28,240.67,0.67,1.33,5.33,21.33,0.0,0.0,0.0,0.0,0.0,11.76,30,QB vs JAX
TEN,QB,3,3,597,2,2,13,37,0,0,0,0,0,31.580000000000002,199.0,0.67,0.67,4.33,12.33,0.0,0.0,0.0,0.0,0.0,10.53,31,QB vs TEN
KC,QB,3,3,551,2,3,15,68,0,0,0,0,0,30.840000000000003,183.67,0.67,1.0,5.0,22.67,0.0,0.0,0.0,0.0,0.0,10.28,32,QB vs KC
GB,RB,3,7,0,0,0,87,379,6,10,9,91,0,92.0,0.0,0.0,0.0,29.0,126.33,2.0,3.33,3.0,30.33,0.0,30.67,1,RB vs GB
CAR,RB,3,6,0,0,0,74,434,4,16,14,102,0,91.6,0.0,0.0,0.0,24.67,144.67,1.33,5.33,4.67,34.0,0.0,30.53,2,RB vs CAR
MIA,RB,3,8,0,0,0,75,293,3,13,13,95,3,87.80000000000001,0.0,0.0,0.0,25.0,97.67,1.0,4.33,4.33,31.67,1.0,29.27,3,RB vs MIA
DEN,RB,3,8,0,0,0,74,389,2,23,16,131,1,86.0,0.0,0.0,0.0,24.67,129.67,0.67,7.67,5.33,43.67,0.33,28.67,4,RB vs DEN
IND,RB,3,6,0,0,0,72,342,4,17,13,131,0,84.3,0.0,0.0,0.0,24.0,114.0,1.33,5.67,4.33,43.67,0.0,28.1,5,RB vs IND
NO,RB,3,6,0,0,0,73,347,4,14,14,109,0,83.60000000000001,0.0,0.0,0.0,24.33,115.67,1.33,4.67,4.67,36.33,0.0,27.87,6,RB vs NO
BUF,RB,3,7,0,0,0,70,275,2,20,15,100,3,82.5,0.0,0.0,0.0,23.33,91.67,0.67,6.67,5.0,33.33,1.0,27.5,7,RB vs BUF
DAL,RB,3,8,0,0,0,81,343,3,12,12,67,1,77.0,0.0,0.0,0.0,27.0,114.33,1.0,4.0,4.0,22.33,0.33,25.67,8,RB vs DAL
NYJ,RB,3,7,0,0,0,54,235,2,19,14,108,2,72.3,0.0,0.0,0.0,18.0,78.33,0.67,6.33,4.67,36.0,0.67,24.1,9,RB vs NYJ
NYG,RB,3,6,0,0,0,58,291,1,12,12,78,2,66.89999999999999,0.0,0.0,0.0,19.33,97.0,0.33,4.0,4.0,26.0,0.67,22.3,10,RB vs NYG
SF,RB,3,8,0,0,0,74,295,1,19,16,77,1,65.2,0.0,0.0,0.0,24.67,98.33,0.33,6.33,5.33,25.67,0.33,21.73,11,RB vs SF
PIT,RB,3,7,0,0,0,70,303,1,17,12,106,1,64.9,0.0,0.0,0.0,23.33,101.0,0.33,5.67,4.0,35.33,0.33,21.63,12,RB vs PIT
LAC,RB,3,6,0,0,0,76,311,2,19,12,83,0,63.4,0.0,0.0,0.0,25.33,103.67,0.67,6.33,4.0,27.67,0.0,21.13,13,RB vs LAC
TEN,RB,3,8,0,0,0,86,323,2,13,10,77,0,62.0,0.0,0.0,0.0,28.67,107.67,0.67,4.33,3.33,25.67,0.0,20.67,14,RB vs TEN
BAL,RB,3,7,0,0,0,62,260,3,17,14,36,0,61.6,0.0,0.0,0.0,20.67,86.67,1.0,5.67,4.67,12.0,0.0,20.53,15,RB vs BAL
CHI,RB,3,9,0,0,0,59,286,1,12,9,114,1,61.0,0.0,0.0,0.0,19.67,95.33,0.33,4.0,3.0,38.0,0.33,20.33,16,RB vs CHI
DET,RB,3,6,0,0,0,58,261,2,20,15,60,0,59.099999999999994,0.0,0.0,0.0,19.33,87.0,0.67,6.67,5.0,20.0,0.0,19.7,17,RB vs DET
CIN,RB,3,7,0,0,0,46,205,1,20,18,141,0,58.6,0.0,0.0,0.0,15.33,68.33,0.33,6.67,6.0,47.0,0.0,19.53,18,RB vs CIN
NE,RB,3,10,0,0,0,66,277,2,14,10,88,0,58.5,0.0,0.0,0.0,22.0,92.33,0.67,4.67,3.33,29.33,0.0,19.5,19,RB vs NE
KC,RB,3,6,0,0,0,57,204,3,12,11,77,0,57.099999999999994,0.0,0.0,0.0,19.0,68.0,1.0,4.0,3.67,25.67,0.0,19.03,20,RB vs KC
TB,RB,3,8,0,0,0,57,165,1,22,19,120,0,53.5,0.0,0.0,0.0,19.0,55.0,0.33,7.33,6.33,40.0,0.0,17.83,21,RB vs TB
LV,RB,3,8,0,0,0,67,265,1,14,12,89,0,53.4,0.0,0.0,0.0,22.33,88.33,0.33,4.67,4.0,29.67,0.0,17.8,22,RB vs LV
ARI,RB,3,7,0,0,0,73,301,2,10,6,51,0,53.2,0.0,0.0,0.0,24.33,100.33,0.67,3.33,2.0,17.0,0.0,17.73,23,RB vs ARI
LAR,RB,3,8,0,0,0,63,241,0,24,18,101,0,52.2,0.0,0.0,0.0,21.0,80.33,0.0,8.0,6.0,33.67,0.0,17.4,24,RB vs LAR
CLE,RB,3,7,0,0,0,67,318,0,15,14,54,0,51.2,0.0,0.0,0.0,22.33,106.0,0.0,5.0,4.67,18.0,0.0,17.07,25,RB vs CLE
JAX,RB,3,8,0,0,0,55,173,1,16,15,120,0,50.3,0.0,0.0,0.0,18.33,57.67,0.33,5.33,5.0,40.0,0.0,16.77,26,RB vs JAX
PHI,RB,3,8,0,0,0,82,331,1,9,8,32,0,50.300000000000004,0.0,0.0,0.0,27.33,110.33,0.33,3.0,2.67,10.67,0.0,16.77,26,RB vs PHI
SEA,RB,3,8,0,0,0,67,196,0,15,14,91,1,48.7,0.0,0.0,0.0,22.33,65.33,0.0,5.0,4.67,30.33,0.33,16.23,28,RB vs SEA
ATL,RB,3,8,0,0,0,46,144,0,21,14,60,1,40.4,0.0,0.0,0.0,15.33,48.0,0.0,7.0,4.67,20.0,0.33,13.47,29,RB vs ATL
MIN,RB,3,6,0,0,0,64,200,0,18,11,91,0,40.1,0.0,0.0,0.0,21.33,66.67,0.0,6.0,3.67,30.33,0.0,13.37,30,RB vs MIN
WSH,RB,3,8,0,0,0,50,167,0,15,11,80,0,35.7,0.0,0.0,0.0,16.67,55.67,0.0,5.0,3.67,26.67,0.0,11.9,31,RB vs WSH
HOU,RB,3,7,0,0,0,64,231,0,13,9,34,0,35.5,0.0,0.0,0.0,21.33,77.0,0.0,4.33,3.0,11.33,0.0,11.83,32,RB vs HOU
DET,TE,3,7,0,0,0,0,0,0,39,29,351,6,100.1,0.0,0.0,0.0,0.0,0.0,0.0,13.0,9.67,117.0,2.0,33.37,1,TE vs DET
LV,TE,3,7,0,0,0,0,0,0,23,20,152,5,65.2,0.0,0.0,0.0,0.0,0.0,0.0,7.67,6.67,50.67,1.67,21.73,2,TE vs LV
WSH,TE,3,4,0,0,0,0,0,0,20,14,202,5,64.2,0.0,0.0,0.0,0.0,0.0,0.0,6.67,4.67,67.33,1.67,21.4,3,TE vs WSH
NO,TE,3,6,0,0,0,0,0,0,33,25,250,2,62.0,0.0,0.0,0.0,0.0,0.0,0.0,11.0,8.33,83.33,0.67,20.67,4,TE vs NO
CIN,TE,3,6,0,0,0,1,1,0,30,23,299,0,53.0,0.0,0.0,0.0,0.33,0.33,0.0,10.0,7.67,99.67,0.0,17.67,5,TE vs CIN
ARI,TE,3,7,0,0,0,1,1,1,18,16,187,2,52.8,0.0,0.0,0.0,0.33,0.33,0.33,6.0,5.33,62.33,0.67,17.6,6,TE vs ARI
IND,TE,3,7,0,0,0,0,0,0,27,20,204,2,52.400000000000006,0.0,0.0,0.0,0.0,0.0,0.0,9.0,6.67,68.0,0.67,17.47,7,TE vs IND
DAL,TE,3,7,0,0,0,0,0,0,19,17,168,3,51.8,0.0,0.0,0.0,0.0,0.0,0.0,6.33,5.67,56.0,1.0,17.27,8,TE vs DAL
ATL,TE,3,7,0,0,0,0,0,0,24,18,156,3,51.6,0.0,0.0,0.0,0.0,0.0,0.0,8.0,6.0,52.0,1.0,17.2,9,TE vs ATL
MIA,TE,3,5,0,0,0,0,0,0,17,15,210,2,48.0,0.0,0.0,0.0,0.0,0.0,0.0,5.67,5.0,70.0,0.67,16.0,10,TE vs MIA
TB,TE,3,6,0,0,0,0,0,0,23,17,183,2,47.3,0.0,0.0,0.0,0.0,0.0,0.0,7.67,5.67,61.0,0.67,15.77,11,TE vs TB
DEN,TE,3,9,0,0,0,0,0,0,27,19,199,1,44.9,0.0,0.0,0.0,0.0,0.0,0.0,9.0,6.33,66.33,0.33,14.97,12,TE vs DEN
CLE,TE,3,7,0,0,0,0,0,0,26,19,198,1,44.8,0.0,0.0,0.0,0.0,0.0,0.0,8.67,6.33,66.0,0.33,14.93,13,TE vs CLE
KC,TE,3,5,0,0,0,1,3,0,23,17,129,2,42.2,0.0,0.0,0.0,0.33,1.0,0.0,7.67,5.67,43.0,0.67,14.07,14,TE vs KC
CAR,TE,3,6,0,0,0,0,0,0,22,12,121,3,42.1,0.0,0.0,0.0,0.0,0.0,0.0,7.33,4.0,40.33,1.0,14.03,15,TE vs CAR
HOU,TE,3,5,0,0,0,1,2,0,21,18,213,0,39.5,0.0,0.0,0.0,0.33,0.67,0.0,7.0,6.0,71.0,0.0,13.17,16,TE vs HOU
LAC,TE,3,6,0,0,0,1,0,0,23,16,172,1,39.2,0.0,0.0,0.0,0.33,0.0,0.0,7.67,5.33,57.33,0.33,13.07,17,TE vs LAC
BAL,TE,3,7,0,0,0,0,0,0,18,13,138,2,38.800000000000004,0.0,0.0,0.0,0.0,0.0,0.0,6.0,4.33,46.0,0.67,12.93,18,TE vs BAL
NYG,TE,3,8,0,0,0,0,0,0,23,18,138,1,37.8,0.0,0.0,0.0,0.0,0.0,0.0,7.67,6.0,46.0,0.33,12.6,19,TE vs NYG
SF,TE,3,9,0,0,0,0,0,0,25,20,152,0,35.2,0.0,0.0,0.0,0.0,0.0,0.0,8.33,6.67,50.67,0.0,11.73,20,TE vs SF
GB,TE,3,6,0,0,0,0,0,0,18,13,96,2,34.599999999999994,0.0,0.0,0.0,0.0,0.0,0.0,6.0,4.33,32.0,0.67,11.53,21,TE vs GB
SEA,TE,3,6,0,0,0,0,0,0,18,14,80,2,34.0,0.0,0.0,0.0,0.0,0.0,0.0,6.0,4.67,26.67,0.67,11.33,22,TE vs SEA
BUF,TE,3,6,0,0,0,0,0,0,22,14,116,1,31.599999999999998,0.0,0.0,0.0,0.0,0.0,0.0,7.33,4.67,38.67,0.33,10.53,23,TE vs BUF
MIN,TE,3,7,0,0,0,0,0,0,23,10,183,0,28.299999999999997,0.0,0.0,0.0,0.0,0.0,0.0,7.67,3.33,61.0,0.0,9.43,24,TE vs MIN
PIT,TE,3,6,0,0,0,0,0,0,14,10,120,1,28.0,0.0,0.0,0.0,0.0,0.0,0.0,4.67,3.33,40.0,0.33,9.33,25,TE vs PIT
CHI,TE,3,7,0,0,0,0,0,0,17,12,128,0,24.8,0.0,0.0,0.0,0.0,0.0,0.0,5.67,4.0,42.67,0.0,8.27,26,TE vs CHI
JAX,TE,3,5,0,0,0,1,6,0,10,8,89,1,23.5,0.0,0.0,0.0,0.33,2.0,0.0,3.33,2.67,29.67,0.33,7.83,27,TE vs JAX
LAR,TE,3,6,0,0,0,0,0,0,25,10,72,1,23.2,0.0,0.0,0.0,0.0,0.0,0.0,8.33,3.33,24.0,0.33,7.73,28,TE vs LAR
NYJ,TE,3,5,0,0,0,0,0,0,15,12,101,0,22.1,0.0,0.0,0.0,0.0,0.0,0.0,5.0,4.0,33.67,0.0,7.37,29,TE vs NYJ
TEN,TE,3,6,0,0,0,1,3,1,17,11,48,0,22.1,0.0,0.0,0.0,0.33,1.0,0.33,5.67,3.67,16.0,0.0,7.37,29,TE vs TEN
PHI,TE,3,7,0,0,0,0,0,0,15,11,89,0,19.9,0.0,0.0,0.0,0.0,0.0,0.0,5.0,3.67,29.67,0.0,6.63,31,TE vs PHI
NE,TE,3,5,0,0,0,1,2,0,15,10,84,0,18.6,0.0,0.0,0.0,0.33,0.67,0.0,5.0,3.33,28.0,0.0,6.2,32,TE vs NE
WSH,WR,3,11,14,0,0,1,1,0,62,46,573,6,139.96,4.67,0.0,0.0,0.33,0.33,0.0,20.67,15.33,191.0,2.0,46.65,1,WR vs WSH
HOU,WR,3,12,0,0,0,0,0,0,60,37,529,5,119.9,0.0,0.0,0.0,0.0,0.0,0.0,20.0,12.33,176.33,1.67,39.97,2,WR vs HOU
ARI,WR,3,11,0,0,0,3,18,0,49,29,503,6,117.1,0.0,0.0,0.0,1.0,6.0,0.0,16.33,9.67,167.67,2.0,39.03,3,WR vs ARI
DET,WR,3,11,0,0,0,2,2,0,57,42,568,3,117.0,0.0,0.0,0.0,0.67,0.67,0.0,19.0,14.0,189.33,1.0,39.0,4,WR vs DET
BUF,WR,3,12,0,0,0,1,7,0,62,40,576,3,116.3,0.0,0.0,0.0,0.33,2.33,0.0,20.67,13.33,192.0,1.0,38.77,5,WR vs BUF
ATL,WR,3,11,0,0,0,0,0,0,75,43,604,2,115.4,0.0,0.0,0.0,0.0,0.0,0.0,25.0,14.33,201.33,0.67,38.47,6,WR vs ATL
CLE,WR,3,14,0,0,0,4,14,0,55,32,466,5,110.0,0.0,0.0,0.0,1.33,4.67,0.0,18.33,10.67,155.33,1.67,36.67,7,WR vs CLE
BAL,WR,3,13,0,0,0,1,9,1,66,44,520,1,108.9,0.0,0.0,0.0,0.33,3.0,0.33,22.0,14.67,173.33,0.33,36.3,8,WR vs BAL
PHI,WR,3,13,0,0,0,1,7,0,56,36,473,4,108.0,0.0,0.0,0.0,0.33,2.33,0.0,18.67,12.0,157.67,1.33,36.0,9,WR vs PHI
NYG,WR,3,14,0,0,0,1,0,0,60,37,467,4,107.7,0.0,0.0,0.0,0.33,0.0,0.0,20.0,12.33,155.67,1.33,35.9,10,WR vs NYG
MIN,WR,3,13,0,0,0,0,0,0,65,37,522,3,107.2,0.0,0.0,0.0,0.0,0.0,0.0,21.67,12.33,174.0,1.0,35.73,11,WR vs MIN
IND,WR,3,14,0,0,0,3,12,0,48,32,538,3,105.0,0.0,0.0,0.0,1.0,4.0,0.0,16.0,10.67,179.33,1.0,35.0,12,WR vs IND
GB,WR,3,10,0,0,0,1,14,0,54,38,467,3,104.1,0.0,0.0,0.0,0.33,4.67,0.0,18.0,12.67,155.67,1.0,34.7,13,WR vs GB
LAC,WR,3,12,0,0,0,0,0,0,49,33,478,3,98.8,0.0,0.0,0.0,0.0,0.0,0.0,16.33,11.0,159.33,1.0,32.93,14,WR vs LAC
TEN,WR,3,14,0,0,0,4,16,0,48,38,472,2,98.8,0.0,0.0,0.0,1.33,5.33,0.0,16.0,12.67,157.33,0.67,32.93,14,WR vs TEN
NE,WR,3,11,0,0,0,0,0,0,57,37,377,4,98.69999999999999,0.0,0.0,0.0,0.0,0.0,0.0,19.0,12.33,125.67,1.33,32.9,16,WR vs NE
JAX,WR,3,13,16,0,0,4,31,0,54,32,527,1,94.44,5.33,0.0,0.0,1.33,10.33,0.0,18.0,10.67,175.67,0.33,31.48,17,WR vs JAX
CIN,WR,3,13,0,0,0,3,12,0,58,31,421,3,92.3,0.0,0.0,0.0,1.0,4.0,0.0,19.33,10.33,140.33,1.0,30.77,18,WR vs CIN
DAL,WR,3,12,0,0,0,1,20,0,51,32,388,3,90.8,0.0,0.0,0.0,0.33,6.67,0.0,17.0,10.67,129.33,1.0,30.27,19,WR vs DAL
LAR,WR,3,10,0,0,0,2,26,0,47,27,347,4,88.3,0.0,0.0,0.0,0.67,8.67,0.0,15.67,9.0,115.67,1.33,29.43,20,WR vs LAR
NO,WR,3,11,0,0,0,0,0,0,51,30,330,4,87.0,0.0,0.0,0.0,0.0,0.0,0.0,17.0,10.0,110.0,1.33,29.0,21,WR vs NO
NYJ,WR,3,13,0,0,0,0,0,0,54,34,345,3,86.5,0.0,0.0,0.0,0.0,0.0,0.0,18.0,11.33,115.0,1.0,28.83,22,WR vs NYJ
SF,WR,3,12,0,0,0,1,4,0,53,32,398,2,84.19999999999999,0.0,0.0,0.0,0.33,1.33,0.0,17.67,10.67,132.67,0.67,28.07,23,WR vs SF
PIT,WR,3,12,0,0,0,1,6,0,44,31,403,2,83.9,0.0,0.0,0.0,0.33,2.0,0.0,14.67,10.33,134.33,0.67,27.97,24,WR vs PIT
CHI,WR,3,9,0,0,0,0,0,0,48,29,415,2,82.5,0.0,0.0,0.0,0.0,0.0,0.0,16.0,9.67,138.33,0.67,27.5,25,WR vs CHI
DEN,WR,3,9,0,0,0,0,0,0,52,27,433,2,82.3,0.0,0.0,0.0,0.0,0.0,0.0,17.33,9.0,144.33,0.67,27.43,26,WR vs DEN
TB,WR,3,12,0,0,0,2,4,0,44,28,357,2,76.10000000000001,0.0,0.0,0.0,0.67,1.33,0.0,14.67,9.33,119.0,0.67,25.37,27,WR vs TB
MIA,WR,3,13,0,0,0,2,-4,0,41,31,361,1,72.7,0.0,0.0,0.0,0.67,-1.33,0.0,13.67,10.33,120.33,0.33,24.23,28,WR vs MIA
SEA,WR,3,13,0,0,0,0,0,0,54,31,285,2,71.5,0.0,0.0,0.0,0.0,0.0,0.0,18.0,10.33,95.0,0.67,23.83,29,WR vs SEA
LV,WR,3,12,0,0,0,1,7,0,56,27,426,0,70.3,0.0,0.0,0.0,0.33,2.33,0.0,18.67,9.0,142.0,0.0,23.43,30,WR vs LV
CAR,WR,3,11,0,0,0,2,0,0,48,30,335,1,69.5,0.0,0.0,0.0,0.67,0.0,0.0,16.0,10.0,111.67,0.33,23.17,31,WR vs CAR
KC,WR,3,13,0,0,0,5,24,0,57,31,345,0,67.9,0.0,0.0,0.0,1.67,8.0,0.0,19.0,10.33,115.0,0.0,22.63,32,WR vs KC
