Team,Games Played,Pass Yards,Pass TD,Rush Attempts,Rush Yards,Rush TD,Receptions,Receiving Yards,Receiving TD,Targets,PPR Points,Offensive Yards,Total TD Made,Pass Yards Allowed,Passing TD Allowed,Rush Attempts Allowed,Rush Yards Allowed,Rushing TD Allowed,Receptions Allowed,Receiving Yards Allowed,Receiving TD Allowed,Targets Allowed,Offensive Yards Allowed,Total TD Allowed,Pass Yards Per Game,Pass TD Per Game,Rush Attempts Per Game,Rush Yards Per Game,Rush TD Per Game,Receptions Per Game,Receiving Yards Per Game,Receiving TD Per Game,Targets Per Game,PPR Points Per Game,Offensive Yards Per Game,Total TD Made Per Game,Pass Yards Allowed Per Game,Passing TD Allowed Per Game,Rush Attempts Allowed Per Game,Rush Yards Allowed Per Game,Rushing TD Allowed Per Game,Receptions Allowed Per Game,Receiving Yards Allowed Per Game,Receiving TD Allowed Per Game,Targets Allowed Per Game,Offensive Yards Allowed Per Game,Total TD Allowed Per Game
BUF,3,786,5,90,465,8,56,786,5,82,306.53999999999996,1251,13,827,7,80,321,2,72,827,7,108,1148,9,262.0,1.67,30.0,155.0,2.67,18.67,262.0,1.67,27.33,102.18,417.0,4.33,275.67,2.33,26.67,107.0,0.67,24.0,275.67,2.33,36.0,382.67,3.0
SF,3,789,9,80,409,4,60,789,9,81,323.36,1198,13,645,3,85,317,2,69,645,3,100,962,5,263.0,3.0,26.67,136.33,1.33,20.0,263.0,3.0,27.0,107.79,399.33,4.33,215.0,1.0,28.33,105.67,0.67,23.0,215.0,1.0,33.33,320.67,1.67
DET,3,802,8,83,362,4,77,802,8,108,329.48,1164,12,979,9,80,352,4,86,979,9,116,1331,13,267.33,2.67,27.67,120.67,1.33,25.67,267.33,2.67,36.0,109.83,388.0,4.0,326.33,3.0,26.67,117.33,1.33,28.67,326.33,3.0,38.67,443.67,4.33
CHI,3,708,4,105,553,7,65,708,4,90,299.42,1261,11,657,3,69,351,3,50,657,3,78,1008,6,236.0,1.33,35.0,184.33,2.33,21.67,236.0,1.33,30.0,99.81,420.33,3.67,219.0,1.0,23.0,117.0,1.0,16.67,219.0,1.0,26.0,336.0,2.0
BAL,3,745,4,97,502,7,53,745,4,73,287.5,1247,11,694,3,77,315,5,71,694,3,101,1009,8,248.33,1.33,32.33,167.33,2.33,17.67,248.33,1.33,24.33,95.83,415.67,3.67,231.33,1.0,25.67,105.0,1.67,23.67,231.33,1.0,33.67,336.33,2.67
KC,3,812,7,92,460,3,67,812,7,91,310.68,1272,10,551,2,78,299,3,59,551,2,92,850,5,270.67,2.33,30.67,153.33,1.0,22.33,270.67,2.33,30.33,103.56,424.0,3.33,183.67,0.67,26.0,99.67,1.0,19.67,183.67,0.67,30.67,283.33,1.67
NO,3,917,8,80,304,2,91,917,8,124,335.78,1221,10,689,6,82,386,4,69,689,6,98,1075,10,305.67,2.67,26.67,101.33,0.67,30.33,305.67,2.67,41.33,111.93,407.0,3.33,229.67,2.0,27.33,128.67,1.33,23.0,229.67,2.0,32.67,358.33,3.33
DAL,3,730,7,69,283,3,73,730,7,101,289.5,1013,10,623,7,107,539,3,61,623,7,83,1162,10,243.33,2.33,23.0,94.33,1.0,24.33,243.33,2.33,33.67,96.5,337.67,3.33,207.67,2.33,35.67,179.67,1.0,20.33,207.67,2.33,27.67,387.33,3.33
JAX,3,616,7,86,358,3,54,616,7,76,260.04,974,10,738,2,76,274,1,56,738,2,81,1012,3,205.33,2.33,28.67,119.33,1.0,18.0,205.33,2.33,25.33,86.68,324.67,3.33,246.0,0.67,25.33,91.33,0.33,18.67,246.0,0.67,27.0,337.33,1.0
LV,3,661,9,93,300,1,62,661,9,88,274.54,961,10,667,5,78,349,2,59,667,5,93,1016,7,220.33,3.0,31.0,100.0,0.33,20.67,220.33,3.0,29.33,91.51,320.33,3.33,222.33,1.67,26.0,116.33,0.67,19.67,222.33,1.67,31.0,338.67,2.33
CAR,3,939,7,67,291,2,72,939,7,108,310.56,1230,9,558,4,101,580,6,56,558,4,87,1138,10,313.0,2.33,22.33,97.0,0.67,24.0,313.0,2.33,36.0,103.52,410.0,3.0,186.0,1.33,33.67,193.33,2.0,18.67,186.0,1.33,29.0,379.33,3.33
SEA,3,828,8,80,303,1,68,828,8,95,296.22,1131,9,456,5,80,261,0,59,456,5,87,717,5,276.0,2.67,26.67,101.0,0.33,22.67,276.0,2.67,31.67,98.74,377.0,3.0,152.0,1.67,26.67,87.0,0.0,19.67,152.0,1.67,29.0,239.0,1.67
WSH,3,554,7,96,396,1,60,554,7,93,253.16,950,8,875,11,64,246,0,72,875,11,98,1121,11,184.67,2.33,32.0,132.0,0.33,20.0,184.67,2.33,31.0,84.39,316.67,2.67,291.67,3.67,21.33,82.0,0.0,24.0,291.67,3.67,32.67,373.67,3.67
LAR,3,885,6,80,401,1,69,885,6,106,291.0,1286,7,522,5,76,304,1,56,522,5,97,826,6,295.0,2.0,26.67,133.67,0.33,23.0,295.0,2.0,35.33,97.0,428.67,2.33,174.0,1.67,25.33,101.33,0.33,18.67,174.0,1.67,32.33,275.33,2.0
NYJ,3,783,4,85,277,3,77,783,4,95,272.32,1060,7,554,5,62,262,2,60,554,5,88,816,7,261.0,1.33,28.33,92.33,1.0,25.67,261.0,1.33,31.67,90.77,353.33,2.33,184.67,1.67,20.67,87.33,0.67,20.0,184.67,1.67,29.33,272.0,2.33
CIN,3,743,6,68,274,1,73,743,6,102,268.41999999999996,1017,7,861,3,61,287,2,72,861,3,108,1148,5,247.67,2.0,22.67,91.33,0.33,24.33,247.67,2.0,34.0,89.47,339.0,2.33,287.0,1.0,20.33,95.67,0.67,24.0,287.0,1.0,36.0,382.67,1.67
PHI,3,620,5,76,332,2,56,620,5,81,230.0,952,7,594,4,96,382,4,55,594,4,80,976,8,206.67,1.67,25.33,110.67,0.67,18.67,206.67,1.67,27.0,76.67,317.33,2.33,198.0,1.33,32.0,127.33,1.33,18.33,198.0,1.33,26.67,325.33,2.67
IND,3,611,3,83,310,4,65,611,3,94,229.54,921,7,873,5,87,424,5,65,873,5,92,1297,10,203.67,1.0,27.67,103.33,1.33,21.67,203.67,1.0,31.33,76.51,307.0,2.33,291.0,1.67,29.0,141.33,1.67,21.67,291.0,1.67,30.67,432.33,3.33
HOU,3,794,3,71,254,3,72,794,3,112,256.56,1048,6,776,5,75,260,2,64,776,5,94,1036,7,264.67,1.0,23.67,84.67,1.0,24.0,264.67,1.0,37.33,85.52,349.33,2.0,258.67,1.67,25.0,86.67,0.67,21.33,258.67,1.67,31.33,345.33,2.33
GB,3,844,6,48,146,0,65,844,6,120,253.76,990,6,654,5,102,416,6,60,654,5,82,1070,11,281.33,2.0,16.0,48.67,0.0,21.67,281.33,2.0,40.0,84.59,330.0,2.0,218.0,1.67,34.0,138.67,2.0,20.0,218.0,1.67,27.33,356.67,3.67
ARI,3,652,4,78,279,2,82,652,4,113,251.18,931,6,741,8,84,383,3,51,741,8,79,1124,11,217.33,1.33,26.0,93.0,0.67,27.33,217.33,1.33,37.67,83.73,310.33,2.0,247.0,2.67,28.0,127.67,1.0,17.0,247.0,2.67,26.33,374.67,3.67
DEN,3,605,4,68,243,2,56,605,4,87,211.0,848,6,763,4,85,431,3,62,763,4,102,1194,7,201.67,1.33,22.67,81.0,0.67,18.67,201.67,1.33,29.0,70.33,282.67,2.0,254.33,1.33,28.33,143.67,1.0,20.67,254.33,1.33,34.0,398.0,2.33
MIN,3,462,4,85,304,2,41,462,4,67,184.08,766,6,796,3,73,257,0,58,796,3,106,1053,3,154.0,1.33,28.33,101.33,0.67,13.67,154.0,1.33,22.33,61.36,255.33,2.0,265.33,1.0,24.33,85.67,0.0,19.33,265.33,1.0,35.33,351.0,1.0
ATL,3,544,2,104,519,3,48,544,2,73,202.06,1063,5,820,6,52,143,0,75,820,6,120,963,6,181.33,0.67,34.67,173.0,1.0,16.0,181.33,0.67,24.33,67.35,354.33,1.67,273.33,2.0,17.33,47.67,0.0,25.0,273.33,2.0,40.0,321.0,2.0
LAC,3,627,3,81,339,2,52,627,3,86,207.68,966,5,734,4,96,349,4,62,734,4,92,1083,8,209.0,1.0,27.0,113.0,0.67,17.33,209.0,1.0,28.67,69.23,322.0,1.67,244.67,1.33,32.0,116.33,1.33,20.67,244.67,1.33,30.67,361.0,2.67
CLE,3,587,5,75,263,0,57,587,5,82,213.48000000000002,850,5,718,6,80,361,0,65,718,6,96,1079,6,195.67,1.67,25.0,87.67,0.0,19.0,195.67,1.67,27.33,71.16,283.33,1.67,239.33,2.0,26.67,120.33,0.0,21.67,239.33,2.0,32.0,359.67,2.0
PIT,3,700,4,67,287,0,66,700,4,105,228.7,987,4,633,4,77,339,1,54,633,4,77,972,5,233.33,1.33,22.33,95.67,0.0,22.0,233.33,1.33,35.0,76.23,329.0,1.33,211.0,1.33,25.67,113.0,0.33,18.0,211.0,1.33,25.67,324.0,1.67
TB,3,615,2,66,283,2,61,615,2,96,201.4,898,4,660,4,73,228,1,64,660,4,89,888,5,205.0,0.67,22.0,94.33,0.67,20.33,205.0,0.67,32.0,67.13,299.33,1.33,220.0,1.33,24.33,76.0,0.33,21.33,220.0,1.33,29.67,296.0,1.67
NYG,3,479,3,91,355,1,51,479,3,82,187.56,834,4,683,7,67,313,1,67,683,7,95,996,8,159.67,1.0,30.33,118.33,0.33,17.0,159.67,1.0,27.33,62.52,278.0,1.33,227.67,2.33,22.33,104.33,0.33,22.33,227.67,2.33,31.67,332.0,2.67
TEN,3,504,2,64,271,2,55,504,2,80,182.66,775,4,597,2,104,379,3,59,597,2,78,976,5,168.0,0.67,21.33,90.33,0.67,18.33,168.0,0.67,26.67,60.89,258.33,1.33,199.0,0.67,34.67,126.33,1.0,19.67,199.0,0.67,26.0,325.33,1.67
MIA,3,627,1,78,295,2,49,627,1,85,184.28,922,3,693,7,89,313,4,61,693,7,73,1006,11,209.0,0.33,26.0,98.33,0.67,16.33,209.0,0.33,28.33,61.43,307.33,1.0,231.0,2.33,29.67,104.33,1.33,20.33,231.0,2.33,24.33,335.33,3.67
NE,3,631,1,85,328,1,55,631,1,82,180.14,959,2,569,4,75,325,2,59,569,4,88,894,6,210.33,0.33,28.33,109.33,0.33,18.33,210.33,0.33,27.33,60.05,319.67,0.67,189.67,1.33,25.0,108.33,0.67,19.67,189.67,1.33,29.33,298.0,2.0
