Player,Team,RZ Targets,RZ Receptions,RZ Rec TD,RZ Rush Attempts,RZ Rush TD,RZ Target Share,RZ Rush Share
A.St. Brown,DET,12,9,4,0,0,0.343,0.0
Jaxon Smith-Njigba,SEA,10,5,4,0,0,0.476,0.0
Trey McBride,ARI,9,4,2,0,0,0.321,0.0
Michael Wilson,ARI,9,3,1,0,0,0.321,0.0
Sam LaPorta,DET,9,5,2,0,0,0.257,0.0
Christian Watson,GB,7,5,3,0,0,0.28,0.0
Juwan Johnson,NO,7,4,3,0,0,0.25,0.0
Ashton Jeanty,LV,7,5,2,15,0,0.259,0.789
CeeDee Lamb,DAL,7,5,3,0,0,0.292,0.0
Jahmyr Gibbs,DET,6,5,2,21,5,0.171,0.913
Colston Loveland,CHI,6,3,0,0,0,0.194,0.0
Isaiah Likely,NYG,6,6,2,0,0,0.4,0.0
Kenneth Walker III,KC,6,4,2,19,2,0.214,0.76
Devaughn Vele,NO,6,3,2,0,0,0.214,0.0
Tetairoa McMillan,CAR,6,2,1,0,0,0.2,0.0
Luther Burden III,CHI,6,3,1,1,0,0.194,0.021
Khalil Shakir,BUF,5,2,0,0,0,0.25,0.0
Courtland Sutton,DEN,5,2,0,0,0,0.238,0.0
T.J. Hockenson,MIN,5,4,1,0,0,0.385,0.0
George Kittle,SF,5,5,3,0,0,0.238,0.0
Elic Ayomanor,TEN,5,2,1,0,0,0.333,0.0
AJ Barner,SEA,5,3,0,1,1,0.238,0.037
Jaylen Warren,PIT,5,2,0,3,0,0.227,0.333
Ryan Flournoy,DAL,5,0,0,0,0,0.208,0.0
Matthew Golden,GB,5,3,2,0,0,0.2,0.0
D.Samuel,SF,5,5,2,0,0,0.238,0.0
Jalen Coker,CAR,5,4,1,0,0,0.167,0.0
Chris Olave,NO,5,4,0,0,0,0.179,0.0
Cody White,LV,5,3,3,0,0,0.185,0.0
Justin Jefferson,MIN,4,2,1,0,0,0.308,0.0
Skyy Moore,GB,4,1,0,0,0,0.16,0.0
Parker Washington,JAX,4,1,1,0,0,0.222,0.0
Romeo Doubs,NE,4,3,2,0,0,0.235,0.0
Wan'Dale Robinson,TEN,4,2,2,0,0,0.267,0.0
Tucker Kraft,GB,4,3,1,1,0,0.16,0.053
Xavier Worthy,KC,4,4,1,0,0,0.143,0.0
Zay Flowers,BAL,4,3,1,0,0,0.267,0.0
Darren Waller,CAR,4,2,2,0,0,0.133,0.0
Dontayvion Wicks,PHI,4,2,1,0,0,0.286,0.0
Gunnar Helm,TEN,4,1,0,0,0,0.267,0.0
Denzel Boston,CLE,4,0,0,0,0,0.235,0.0
Ja'Marr Chase,CIN,4,3,2,0,0,0.25,0.0
Darius Cooper,PHI,4,3,3,0,0,0.286,0.0
Davante Adams,LAR,4,2,1,0,0,0.211,0.0
Mack Hollins,NE,4,1,0,0,0,0.235,0.0
Jake Ferguson,DAL,4,4,3,0,0,0.167,0.0
Brock Bowers,LV,4,2,2,0,0,0.148,0.0
Mike Evans,SF,4,3,1,0,0,0.19,0.0
Kalif Raymond,CHI,4,4,0,0,0,0.129,0.0
Stefon Diggs,WSH,4,4,3,0,0,0.211,0.0
Rashee Rice,KC,4,4,1,0,0,0.143,0.0
Bucky Irving,TB,4,3,0,5,1,0.211,0.333
Josh Downs,IND,4,3,0,0,0,0.25,0.0
Braelon Allen,NYJ,3,2,0,5,1,0.2,0.333
Mark Andrews,BAL,3,1,1,0,0,0.2,0.0
MarShawn Lloyd,GB,3,2,1,9,0,0.12,0.474
Tyler Warren,IND,3,3,2,0,0,0.188,0.0
Kenny Gainwell,TB,3,2,1,1,0,0.158,0.067
Mitchell Tinsley,CIN,3,1,0,0,0,0.188,0.0
Quinshon Judkins,CLE,3,3,0,9,1,0.176,0.643
Keenan Allen,IND,3,2,1,0,0,0.188,0.0
KC Concepcion,CLE,3,3,0,0,0,0.176,0.0
Pat Freiermuth,PIT,3,3,2,0,0,0.136,0.0
Oronde Gadsden,LAC,3,2,1,0,0,0.2,0.0
Noah Fant,NO,3,3,3,0,0,0.107,0.0
Nico Collins,HOU,3,2,2,0,0,0.143,0.0
Jakobi Meyers,JAX,3,2,1,0,0,0.167,0.0
Jeremiyah Love,ARI,3,2,1,10,1,0.107,0.5
H.Fannin,CLE,3,3,3,0,0,0.176,0.0
Emeka Egbuka,TB,3,1,1,0,0,0.158,0.0
Isaac TeSlaa,DET,3,1,0,0,0,0.086,0.0
George Pickens,DAL,3,1,0,0,0,0.125,0.0
DJ Moore,BUF,3,1,0,0,0,0.15,0.0
Tre' Harris,LAC,3,3,0,0,0,0.2,0.0
Christian McCaffrey,SF,3,3,0,12,4,0.143,0.545
Malik Nabers,NYG,3,2,0,0,0,0.2,0.0
Keon Coleman,BUF,3,1,0,0,0,0.15,0.0
Javonte Williams,DAL,3,2,1,19,5,0.125,0.731
Nate Adkins,DEN,3,2,2,0,0,0.143,0.0
Mike Gesicki,CIN,3,2,2,0,0,0.188,0.0
Jaylen Waddle,DEN,3,2,1,0,0,0.143,0.0
Tyquan Thornton,KC,2,2,2,0,0,0.071,0.0
Kameron Johnson,TB,2,0,0,0,0,0.105,0.0
Terry McLaurin,WSH,2,1,0,0,0,0.105,0.0
Travis Kelce,KC,2,2,2,0,0,0.071,0.0
Woody Marks,HOU,2,2,0,4,2,0.095,0.333
Garrett Wilson,NYJ,2,1,1,0,0,0.133,0.0
Foster Moreau,HOU,2,1,1,0,0,0.095,0.0
Germie Bernard,PIT,2,1,0,0,0,0.091,0.0
Darnell Washington,PIT,2,0,0,0,0,0.091,0.0
Eli Raridon,NE,2,1,1,0,0,0.118,0.0
Demarcus Robinson,SF,2,1,0,0,0,0.095,0.0
Dawson Knox,BUF,2,2,1,0,0,0.1,0.0
DeVonta Smith,PHI,2,1,0,0,0,0.143,0.0
Dallas Goedert,PHI,2,1,1,0,0,0.143,0.0
Devin Singletary,NYG,2,2,1,1,0,0.133,0.05
Tyler Higbee,LAR,2,2,1,0,0,0.105,0.0
Ted Hurst III,TB,2,1,0,0,0,0.105,0.0
Dalton Schultz,HOU,2,2,0,0,0,0.095,0.0
Tee Higgins,CIN,2,0,0,0,0,0.125,0.0
DeMario Douglas,NE,2,0,0,0,0,0.118,0.0
Cade Otton,TB,2,2,0,0,0,0.105,0.0
Colby Parkinson,LAR,2,1,0,0,0,0.105,0.0
Jack Bech,LV,2,2,1,0,0,0.074,0.0
John Bates,WSH,2,0,0,0,0,0.105,0.0
Josh Cameron,JAX,2,2,2,0,0,0.111,0.0
James Cook III,BUF,2,1,0,13,3,0.1,0.542
Rashod Bateman,BAL,2,0,0,0,0,0.133,0.0
Rachaad White,WSH,2,2,1,4,0,0.105,0.211
Roman Wilson,PIT,2,1,1,0,0,0.091,0.0
Sterling Shepard,NYJ,2,0,0,0,0,0.133,0.0
Tyler Allgeier,ARI,2,2,0,6,0,0.071,0.3
Tyler Badie,DEN,2,1,0,1,0,0.095,0.062
T.Etienne,NO,2,2,0,5,0,0.071,0.263
Rome Odunze,CHI,2,1,0,0,0,0.065,0.0
Greg Dulcich,MIA,2,1,0,0,0,0.222,0.0
Eric Saubert,SEA,2,2,1,0,0,0.095,0.0
Pat Bryant,DEN,2,1,1,0,0,0.095,0.0
Noah Gray,KC,2,1,0,0,0,0.071,0.0
Kendrick Bourne,ARI,2,2,0,0,0,0.071,0.0
Jameson Williams,DET,2,2,0,0,0,0.057,0.0
Kayshon Boutte,HOU,2,1,0,0,0,0.095,0.0
Jeremy Ruckert,NYJ,2,2,1,0,0,0.133,0.0
Michael Mayer,LV,2,1,1,0,0,0.074,0.0
Ja'Kobi Lane,BAL,2,1,0,0,0,0.133,0.0
RJ Harvey,DEN,2,2,0,0,0,0.095,0.0
Laquon Treadwell,IND,2,2,0,0,0,0.125,0.0
Mitchell Evans,CAR,2,1,0,0,0,0.067,0.0
M.Harrison,ARI,2,1,1,0,0,0.071,0.0
Kyren Williams,LAR,2,2,1,13,3,0.105,0.619
Ladd McConkey,LAC,2,1,1,0,0,0.133,0.0
Kyle Juszczyk,SF,2,1,1,0,0,0.095,0.0
Bijan Robinson,ATL,2,1,0,22,7,0.333,1.0
Bryce Lance,NO,2,1,0,0,0,0.071,0.0
Chuba Hubbard,CAR,2,2,2,10,3,0.067,0.588
Bri.Thomas,JAX,2,1,1,0,0,0.111,0.0
Brenton Strange,JAX,2,2,1,0,0,0.111,0.0
Antonio Williams,WSH,2,2,1,0,0,0.105,0.0
A.Jones,MIN,2,2,0,6,1,0.154,0.462
Ameer Abdullah,JAX,1,0,0,0,0,0.056,0.0
Austin Hooper,ATL,1,1,1,0,0,0.167,0.0
Alec Ingold,LAC,1,1,0,0,0,0.067,0.0
Andrei Iosivas,CIN,1,1,0,0,0,0.062,0.0
Alvin Kamara,NO,1,1,0,5,2,0.036,0.263
Adonai Mitchell,NYJ,1,1,0,0,0,0.067,0.0
Alec Pierce,IND,1,1,0,0,0,0.062,0.0
Blake Corum,LAR,1,0,0,0,0,0.053,0.0
Ben Skowronek,PIT,1,0,0,0,0,0.045,0.0
Brashard Smith,KC,1,1,0,0,0,0.036,0.0
Bhayshul Tuten,JAX,1,1,0,9,2,0.056,0.562
Blake Whiteheart,CLE,1,1,1,0,0,0.059,0.0
Brock Wright,DET,1,0,0,0,0,0.029,0.0
Chris Blair,ATL,1,0,0,0,0,0.167,0.0
Chase Brown,CIN,1,1,0,7,1,0.062,0.438
Caleb Douglas,MIA,1,1,0,0,0,0.111,0.0
Cooper Kupp,SEA,1,1,1,0,0,0.048,0.0
Kendre Miller,NO,1,1,0,2,1,0.036,0.105
Keaton Mitchell,LAC,1,1,1,3,0,0.067,0.136
Matthew Hibner,BAL,1,1,1,0,0,0.067,0.0
Malik Washington,MIA,1,1,0,2,0,0.111,0.111
Malachi Fields,NYG,1,1,1,0,0,0.067,0.0
L.Allen,JAX,1,0,0,0,0,0.056,0.0
Kimani Vidal,LAC,1,1,1,1,0,0.067,0.045
KaVontae Turpin,DAL,1,1,0,2,1,0.042,0.077
Konata Mumpfield,LAR,1,0,0,0,0,0.053,0.0
Kyle Monangai,CHI,1,1,0,14,2,0.032,0.298
Elijah Higgins,ARI,1,1,1,0,0,0.036,0.0
Emanuel Wilson,SEA,1,0,0,12,1,0.048,0.444
George Holani,SEA,1,1,0,6,0,0.048,0.222
Hunter Henry,NE,1,1,0,0,0,0.059,0.0
Isaiah Williams,NYJ,1,1,0,0,0,0.067,0.0
Jordan Addison,MIN,1,0,0,0,0,0.077,0.0
Efton Chism III,NE,1,0,0,0,0,0.059,0.0
Evan Engram,DEN,1,1,1,0,0,0.048,0.0
Jonathon Brooks,CAR,1,1,0,3,0,0.033,0.176
C.Manhertz,NYG,1,0,0,0,0,0.067,0.0
Terrance Ferguson,LAR,1,1,1,0,0,0.053,0.0
Treylon Burks,WSH,1,1,1,0,0,0.053,0.0
Sam Roush,CHI,1,0,0,0,0,0.032,0.0
Robert Tonyan,PIT,1,1,0,0,0,0.045,0.0
Rhamondre Stevenson,NE,1,0,0,2,1,0.059,0.286
Roschon Johnson,CHI,1,1,0,2,0,0.032,0.043
Puka Nacua,LAR,1,1,0,1,1,0.053,0.048
Olamide Zaccheaus,ATL,1,0,0,0,0,0.167,0.0
Nate Boerkircher,JAX,1,0,0,0,0,0.056,0.0
K.Coleman,MIA,1,0,0,0,0,0.111,0.0
Jared Wayne,HOU,1,1,0,0,0,0.048,0.0
Jahdae Walker,CHI,1,1,1,0,0,0.032,0.0
Jonathan Taylor,IND,1,1,0,16,5,0.062,0.727
Jonnu Smith,GB,1,0,0,0,0,0.04,0.0
Jalen Royals,KC,1,1,1,0,0,0.036,0.0
Jayden Reed,GB,1,0,0,0,0,0.04,0.0
Ja'seem Reed,CAR,1,0,0,0,0,0.033,0.0
Joshua Palmer,BUF,1,0,0,0,0,0.05,0.0
Jalen Nailor,LV,1,0,0,0,0,0.037,0.0
John Metchie III,CAR,1,1,1,0,0,0.033,0.0
Justin Herbert,LAC,1,0,0,5,0,0.067,0.227
Jacory Croskey-Merritt,WSH,1,0,0,6,1,0.053,0.316
Theo Johnson,NYG,1,1,1,0,0,0.067,0.0
Ty Johnson,BUF,1,1,0,1,0,0.05,0.042
Tanner Hudson,CIN,1,1,0,0,0,0.062,0.0
Tory Horton,SEA,1,1,1,0,0,0.048,0.0
Troy Franklin,DEN,1,0,0,0,0,0.048,0.0
D'Andre Swift,CHI,1,1,0,19,2,0.032,0.404
Durham Smythe,BAL,1,1,0,0,0,0.067,0.0
Drew Sample,CIN,1,1,0,0,0,0.062,0.0
David Njoku,LAC,1,1,0,0,0,0.067,0.0
David Montgomery,HOU,1,1,1,8,2,0.048,0.667
Zach Ertz,PHI,1,1,0,0,0,0.071,0.0
Xavier Smith,LAR,1,0,0,0,0,0.053,0.0
Xavier Legette,CAR,1,0,0,0,0,0.033,0.0
Xavier Hutchinson,HOU,1,0,0,0,0,0.048,0.0
Tre Tucker,LV,1,0,0,0,0,0.037,0.0
Tommy Tremble,CAR,1,1,0,0,0,0.033,0.0
Dyami Brown,WSH,1,0,0,0,0,0.053,0.0
Charlie Woerner,ATL,1,0,0,0,0,0.167,0.0
DK Metcalf,PIT,1,1,1,0,0,0.045,0.0
Dalton Kincaid,BUF,1,1,1,0,0,0.05,0.0
Carnell Tate,TEN,1,0,0,0,0,0.067,0.0
Chris Moore,BAL,1,1,1,0,0,0.067,0.0
Lew Nichols,PIT,0,0,0,1,0,0.0,0.111
Lamar Jackson,BAL,0,0,0,5,1,0.0,0.179
Jadarian Price,SEA,0,0,0,3,0,0.0,0.111
Jordan Mason,MIN,0,0,0,4,1,0.0,0.308
Kenyon Sadiq,NYJ,0,0,0,1,1,0.0,0.067
Kyler Murray,MIN,0,0,0,3,0,0.0,0.231
Kaleb Johnson,GB,0,0,0,2,0,0.0,0.105
Kaelon Black,SF,0,0,0,7,0,0.0,0.318
Kaytron Allen,WSH,0,0,0,4,0,0.0,0.211
Jaylen Wright,MIA,0,0,0,2,0,0.0,0.111
Samaje Perine,CIN,0,0,0,3,0,0.0,0.188
Seth McGowan,IND,0,0,0,3,0,0.0,0.136
Sam Darnold,SEA,0,0,0,2,0,0.0,0.074
Saquon Barkley,PHI,0,0,0,5,0,0.0,0.217
Rashid Shaheed,SEA,0,0,0,2,0,0.0,0.074
Ronnie Rivers,LAR,0,0,0,2,0,0.0,0.095
Rico Dowdle,PIT,0,0,0,1,0,0.0,0.111
Patrick Mahomes,KC,0,0,0,5,1,0.0,0.2
Omarion Hampton,LAC,0,0,0,13,3,0.0,0.591
Ollie Gordon II,MIA,0,0,0,6,2,0.0,0.333
Marcus Mariota,WSH,0,0,0,1,0,0.0,0.053
Matthew Stafford,LAR,0,0,0,5,0,0.0,0.238
Najee Harris,NYG,0,0,0,7,0,0.0,0.35
Nicholas Singleton,TEN,0,0,0,2,0,0.0,0.074
M.Washington,LV,0,0,0,4,0,0.0,0.211
Malik Willis,MIA,0,0,0,1,1,0.0,0.056
Sione Vaki,DET,0,0,0,1,0,0.0,0.043
Sean Tucker,TB,0,0,0,3,1,0.0,0.2
Tyler Goodson,DAL,0,0,0,1,0,0.0,0.038
TreVeyon Henderson,NE,0,0,0,2,0,0.0,0.286
Tyson Bagent,CHI,0,0,0,4,0,0.0,0.085
Tank Bigsby,PHI,0,0,0,5,1,0.0,0.217
AJ Dillon,CAR,0,0,0,1,0,0.0,0.059
Aaron Rodgers,PIT,0,0,0,1,0,0.0,0.111
Barion Brown,NO,0,0,0,1,0,0.0,0.053
Breece Hall,NYJ,0,0,0,8,1,0.0,0.533
Baker Mayfield,TB,0,0,0,5,1,0.0,0.333
Bo Nix,DEN,0,0,0,6,1,0.0,0.375
Brock Purdy,SF,0,0,0,3,1,0.0,0.136
Bryce Young,CAR,0,0,0,3,1,0.0,0.176
Chris Brooks,GB,0,0,0,6,0,0.0,0.316
CJ Donaldson,NO,0,0,0,1,0,0.0,0.053
Case Keenum,CHI,0,0,0,3,1,0.0,0.064
C.Rodriguez,JAX,0,0,0,6,1,0.0,0.375
Cam Skattebo,NYG,0,0,0,11,1,0.0,0.55
Cam Ward,TEN,0,0,0,6,2,0.0,0.222
Caleb Williams,CHI,0,0,0,4,1,0.0,0.085
De'Von Achane,MIA,0,0,0,7,0,0.0,0.389
Derrick Henry,BAL,0,0,0,23,6,0.0,0.821
Daniel Jones,IND,0,0,0,3,1,0.0,0.136
Drew Lock,SEA,0,0,0,1,0,0.0,0.037
Drake Maye,NE,0,0,0,3,0,0.0,0.429
Dak Prescott,DAL,0,0,0,3,0,0.0,0.115
Deshaun Watson,CLE,0,0,0,5,0,0.0,0.357
Emari Demercado,DAL,0,0,0,1,0,0.0,0.038
Emmett Johnson,KC,0,0,0,1,0,0.0,0.04
Geno Smith,NYJ,0,0,0,1,0,0.0,0.067
Josh Allen,BUF,0,0,0,10,6,0.0,0.417
Jacoby Brissett,ARI,0,0,0,4,1,0.0,0.2
Joe Burrow,CIN,0,0,0,6,1,0.0,0.375
Jonah Coleman,DEN,0,0,0,3,1,0.0,0.188
Jalon Daniels,TB,0,0,0,1,0,0.0,0.067
Jayden Daniels,WSH,0,0,0,4,0,0.0,0.211
Jaxson Dart,NYG,0,0,0,1,0,0.0,0.05
J.K. Dobbins,DEN,0,0,0,6,0,0.0,0.375
Jared Goff,DET,0,0,0,1,0,0.0,0.043
Jalen Hurts,PHI,0,0,0,6,1,0.0,0.261
Jordan Love,GB,0,0,0,1,0,0.0,0.053
Travis Homer,PIT,0,0,0,3,0,0.0,0.333
Trevor Lawrence,JAX,0,0,0,1,0,0.0,0.062
Tony Pollard,TEN,0,0,0,17,1,0.0,0.63
Tyler Shough,NO,0,0,0,5,1,0.0,0.263
Tyjae Spears,TEN,0,0,0,2,0,0.0,0.074
Will Shipley,PHI,0,0,0,7,0,0.0,0.304
