Team,OL Dropbacks,OL Sack Rate,OL QB Hit Rate,OL Disruption Rate,OL Runs,OL Stuff Rate,OL Explosive Run Rate,OL YPC,OL Rush EPA,DL Dropbacks,DL Sack Rate,DL QB Hit Rate,DL Disruption Rate,DL Runs,DL Stuff Rate,DL Explosive Run Rate,DL YPC,DL Rush EPA,Games,OL Starters Out,OL Starters At Risk,OL Health Note,DL Key Players Out,DL Key Players At Risk,DL Health Note,OL Games Tracked,OL Lineups Used,OL Same Starters vs Prev Game
ARI,123,0.0407,0.1382,0.1382,73,0.1781,0.0411,3.6164,-0.0742,90,0.0444,0.1111,0.1111,77,0.1948,0.1169,4.1558,-0.1836,3,0,0,,0,0,,3,2,5
ATL,91,0.0769,0.1209,0.1319,98,0.1531,0.102,4.949,0.0445,136,0.0368,0.1765,0.1765,47,0.234,0.0426,3.0638,-0.2344,3,0,1,Jake Matthews (T) DNP (no game status yet),0,1,Divine Deablo (LB) Questionable,3,1,5
BAL,88,0.0568,0.1023,0.1023,85,0.1647,0.1176,4.8824,0.0447,119,0.0504,0.1681,0.1681,69,0.2174,0.1304,4.0725,0.0051,3,1,0,Jovaughn Gwyn (C) Out,1,0,Trey Hendrickson (LB) Out,3,2,4
BUF,102,0.0784,0.1667,0.1667,78,0.0769,0.1538,5.0256,0.0646,124,0.0726,0.2177,0.2177,75,0.24,0.1067,3.8667,-0.0145,3,0,0,,0,0,,3,1,5
CAR,132,0.053,0.1439,0.1439,62,0.129,0.1129,4.1129,-0.1374,116,0.0603,0.1207,0.1293,83,0.1084,0.1084,5.3253,-0.0445,3,1,1,Damien Lewis (G) Out; Monroe Freeling (T) Questionable,0,1,Lee Hunter (DT) Questionable,3,1,5
CHI,114,0.0526,0.1404,0.1404,92,0.163,0.0978,5.0217,0.0042,98,0.0714,0.1327,0.1327,62,0.1613,0.1129,4.6613,-0.0135,3,0,0,,0,0,,3,2,4
CIN,113,0.0619,0.1858,0.1858,63,0.1746,0.127,4.0794,-0.0469,133,0.0752,0.1579,0.1579,50,0.26,0.1,4.36,-0.1635,3,0,1,Dalton Risner (G) Questionable,0,1,Dexter Lawrence (DT) DNP (no game status yet),3,1,5
CLE,141,0.078,0.1631,0.1702,83,0.1687,0.0602,3.3012,-0.2953,160,0.075,0.1625,0.1625,93,0.172,0.1505,4.6237,-0.0234,4,0,0,,0,0,,4,2,4
DAL,118,0.0254,0.1356,0.1356,60,0.2167,0.0667,3.7833,-0.0737,97,0.0206,0.1237,0.1237,93,0.1505,0.1183,4.7742,-0.0534,3,0,0,,0,0,,3,1,5
DEN,101,0.0495,0.1089,0.1287,63,0.1429,0.0952,3.873,-0.0321,122,0.0656,0.2131,0.2131,77,0.1299,0.0909,5.1688,0.147,3,0,0,,1,0,Dondrea Tillman (LB) Out,3,1,5
DET,121,0.0579,0.1901,0.1901,76,0.2105,0.1447,4.5658,-0.0471,147,0.0816,0.1565,0.1565,68,0.1618,0.1176,4.2647,0.0203,3,0,0,,0,0,,3,3,3
GB,132,0.0606,0.2273,0.2348,48,0.2083,0.0833,3.0417,-0.4096,105,0.0667,0.1333,0.1333,90,0.2222,0.0889,4.3778,-0.0344,3,1,1,Jacob Monk (C) Out; Jager Burton (C) Questionable,0,1,Edgerrin Cooper (LB) Questionable,3,2,5
HOU,134,0.0746,0.1642,0.1642,66,0.2727,0.0606,3.0606,-0.218,110,0.1,0.1636,0.1727,71,0.1408,0.0704,3.3803,-0.1764,3,0,0,,0,0,,3,2,5
IND,108,0.0556,0.1759,0.1852,79,0.2152,0.1266,3.7722,0.0641,111,0.0631,0.1171,0.1171,78,0.1154,0.0897,4.6667,0.0834,3,0,0,,0,0,,3,1,5
JAX,86,0.0465,0.1744,0.1744,81,0.1235,0.1111,4.358,0.0876,98,0.0816,0.1531,0.1735,67,0.1493,0.0746,3.5522,-0.0999,3,0,0,,0,0,,3,1,5
KC,109,0.0367,0.1284,0.1284,82,0.1829,0.122,5.1098,0.0978,108,0.037,0.0926,0.1111,68,0.1765,0.1029,3.6324,-0.0754,3,0,0,,0,0,,3,1,5
LAC,104,0.0769,0.1923,0.2019,73,0.1507,0.0959,4.0959,-0.2653,102,0.0686,0.1961,0.1961,86,0.1395,0.0814,3.8721,-0.1236,3,0,0,,0,0,,3,2,4
LAR,119,0.042,0.2017,0.2017,73,0.1096,0.1233,5.2603,-0.0832,107,0.028,0.1215,0.1215,74,0.1081,0.0676,3.7568,-0.0188,3,0,1,Alaric Jackson (T) DNP (no game status yet),1,1,Aaron Donald (DT) Out; Byron Young (LB) DNP (no game status yet),3,1,5
LV,102,0.049,0.1667,0.1667,82,0.2317,0.0732,3.6463,-0.201,113,0.0885,0.2212,0.2301,71,0.1831,0.0845,3.831,-0.2702,3,1,0,Jackson Powers-Johnson (G) Out,0,0,,3,1,5
MIA,107,0.0841,0.1308,0.1402,66,0.197,0.0606,3.1667,-0.2756,81,0.0,0.1111,0.1111,79,0.2532,0.0886,3.6329,-0.166,3,0,0,,0,0,,3,1,5
MIN,89,0.1011,0.1461,0.1461,76,0.1842,0.0526,3.6316,-0.1547,133,0.1053,0.2556,0.2632,67,0.209,0.0896,3.209,-0.324,3,0,1,Christian Darrisaw (T) DNP (no game status yet),0,0,,3,1,5
NE,106,0.0849,0.1415,0.1604,72,0.2083,0.0556,3.4444,-0.1821,104,0.0673,0.1731,0.1731,69,0.0725,0.087,4.2899,0.0309,3,0,1,Morgan Moses (T) Questionable,1,1,Christian Elliss (LB) Questionable; Christian Barmore (DT) Out,3,3,4
NO,147,0.068,0.1429,0.1429,74,0.1757,0.0541,3.4189,-0.0411,117,0.0598,0.1624,0.1624,74,0.1486,0.1216,4.6892,-0.001,3,0,0,,1,2,Nathan Shepherd (DT) DNP (no game status yet); Kaden Elliss (LB) Out; Pete Werner (LB) Questionable,3,2,4
NYG,93,0.0753,0.1935,0.1935,84,0.1071,0.0833,4.0,-0.071,104,0.0096,0.0673,0.0673,61,0.0984,0.1311,4.918,-0.0546,3,0,1,John Michael Schmitz (C) DNP (no game status yet),0,0,,3,1,5
NYJ,120,0.075,0.125,0.125,74,0.2432,0.0811,3.2568,-0.2084,107,0.0748,0.1215,0.1402,54,0.1111,0.1111,4.3519,-0.1522,3,1,0,Dylan Parham (G) Out,0,1,Kingsley Enagbare (DE) Questionable,3,1,5
PHI,106,0.0755,0.1415,0.1604,64,0.2188,0.0625,3.9219,-0.0208,98,0.0306,0.0816,0.0816,88,0.1705,0.0682,3.8977,0.0105,3,0,0,,0,0,,3,2,5
PIT,171,0.076,0.1813,0.1813,78,0.1667,0.1026,4.6667,-0.0285,130,0.0769,0.1692,0.1692,94,0.2021,0.0957,4.2021,-0.077,4,0,0,,0,1,Yahya Black (DT) Questionable,4,2,5
SEA,101,0.0297,0.1485,0.1485,77,0.2208,0.0909,3.7013,-0.2563,108,0.0648,0.1944,0.2037,69,0.2464,0.0435,3.0145,-0.3506,3,0,0,,0,0,,3,2,5
SF,89,0.0,0.0787,0.0787,71,0.0986,0.1127,4.5211,-0.0293,110,0.0545,0.1545,0.1636,82,0.1829,0.0366,3.7195,-0.0824,3,0,0,,0,1,Keion White (DE) Questionable,3,1,5
TB,122,0.1066,0.1639,0.1721,55,0.1818,0.0727,3.8545,-0.0672,106,0.0566,0.1321,0.1321,64,0.1875,0.0781,3.0312,-0.206,3,0,0,,0,0,,3,1,5
TEN,99,0.0505,0.101,0.1111,58,0.1379,0.1207,4.2241,-0.0054,94,0.0638,0.1277,0.1489,95,0.1684,0.0632,3.6526,-0.0612,3,0,0,,0,0,,3,2,4
WSH,116,0.0259,0.1466,0.1466,82,0.1829,0.0488,3.5732,-0.1354,116,0.0431,0.1466,0.1466,53,0.3019,0.0377,3.2453,-0.2987,3,0,0,,0,0,,3,2,4
