Team,Player,Group,Position,Availability,Report Status,Practice Status,Injury,Role,Season Snaps,Week
ARI,Walter Nolen,DL,DT,Questionable,Questionable,Limited Participation in Practice,Calf,Starter,150,5
ARI,Isaiah Adams,OL,G,Out,Out,Did Not Participate In Practice,Ankle,Reserve,165,5
ATL,Divine Deablo,DL,LB,Questionable,Questionable,Limited Participation in Practice,Hamstring,Edge (LB),247,5
ATL,Yasir Abdullah,DL,LB,Out,Out,Did Not Participate In Practice,Hamstring,Edge (LB),84,5
ATL,Za'Darius Smith,DL,DE,Questionable,Questionable,Limited Participation in Practice,Concussion,Reserve,78,5
ATL,Samson Ebukam,DL,DE,Questionable,Questionable,Limited Participation in Practice,Hamstring,Starter,101,5
ATL,Jake Matthews,OL,T,Questionable,Questionable,Full Participation in Practice,Groin,Reserve,211,5
BAL,Trey Hendrickson,DL,LB,Out,Out,Did Not Participate In Practice,Finger,Edge (LB),121,5
BAL,Calais Campbell,DL,DT,DNP (no game status yet),,Did Not Participate In Practice,Not injury related - resting player,Starter,132,5
BAL,Cam Jurgens,OL,C,Out,Out,Did Not Participate In Practice,Concussion,No snaps yet,0,5
BAL,Andrew Vorhees,OL,G,Questionable,Questionable,Limited Participation in Practice,Foot,Reserve,36,5
BAL,Ronnie Stanley,OL,T,Limited,,Limited Participation in Practice,Ankle,Starter,176,5
BUF,Ed Oliver,DL,DE,DNP (no game status yet),,Did Not Participate In Practice,Knee,Reserve,117,5
BUF,Landon Jackson,DL,DE,Limited,,Limited Participation in Practice,Knee,Starter,112,5
CHI,Shemar Turner,DL,DE,Questionable,Questionable,Full Participation in Practice,Knee,No snaps yet,0,5
CIN,B.J. Hill,DL,DT,DNP (no game status yet),,Did Not Participate In Practice,Not injury related - resting player,Reserve,24,5
CIN,Jonathan Allen,DL,DT,Limited,,Limited Participation in Practice,Not injury related - resting player,Starter,174,5
CIN,Dexter Lawrence,DL,DT,DNP (no game status yet),,Did Not Participate In Practice,Not injury related - resting player,Starter,182,5
CLE,Kalia Davis,DL,DT,Out,Out,Did Not Participate In Practice,Quadricep,No snaps yet,0,5
CLE,Mike Hall Jr.,DL,DT,Out,Out,Did Not Participate In Practice,Ankle,No snaps yet,0,5
CLE,Derek Barnett,DL,DE,Limited,,Limited Participation in Practice,Ankle,Reserve,99,5
CLE,Mason Graham,DL,DT,Out,Out,Did Not Participate In Practice,Knee,Reserve,138,5
CLE,Teven Jenkins,OL,G,Out,Out,Did Not Participate In Practice,Back,No snaps yet,0,5
DAL,Drew Shelton,OL,T,Out,Out,Did Not Participate In Practice,Hamstring,Reserve,5,5
DAL,Tyler Smith,OL,G,Questionable,Questionable,Full Participation in Practice,Thumb,Starter,60,5
DET,Tyleik Williams,DL,DT,Questionable,Questionable,Limited Participation in Practice,Foot,Starter,162,5
DET,Cade Mays,OL,C,Out,Out,Limited Participation in Practice,Wrist,No snaps yet,0,5
DET,Ben Bartch,OL,G,Out,Out,Did Not Participate In Practice,Foot,Reserve,131,5
GB,Devonte Wyatt,DL,DT,Limited,,Limited Participation in Practice,Ankle,Reserve,136,5
GB,Anthony Campbell,DL,DT,Questionable,Questionable,Limited Participation in Practice,Ankle,Reserve,9,5
GB,Javon Hargrave,DL,DT,Questionable,Questionable,Limited Participation in Practice,Toe,Starter,92,5
GB,Aaron Banks,OL,G,Doubtful,Doubtful,Limited Participation in Practice,Knee,Reserve,22,5
GB,Jacob Monk,OL,C,Doubtful,Doubtful,Limited Participation in Practice,Quadricep,Reserve,186,5
GB,Jager Burton,OL,C,Questionable,Questionable,Limited Participation in Practice,Back,Reserve,89,5
GB,Anthony Belton,OL,T,Limited,,Limited Participation in Practice,Knee,Starter,186,5
HOU,Kayden McDonald,DL,DT,Questionable,Questionable,Full Participation in Practice,Ankle,No snaps yet,0,5
HOU,Jadeveon Clowney,DL,DE,DNP (no game status yet),,Did Not Participate In Practice,Knee,Reserve,50,5
HOU,Braden Smith,OL,T,Questionable,Questionable,Full Participation in Practice,Foot,No snaps yet,0,5
HOU,Blake Fisher,OL,T,Questionable,Questionable,Limited Participation in Practice,Illness,Reserve,26,5
HOU,Trent Brown,OL,T,DNP (no game status yet),,Did Not Participate In Practice,Not injury related - resting player,Starter,268,5
HOU,Ed Ingram,OL,G,Questionable,Questionable,Limited Participation in Practice,Illness,Starter,134,5
HOU,Aireontae Ersery,OL,T,Questionable,Questionable,Did Not Participate In Practice,Illness,Starter,268,5
IND,Arden Key,DL,DE,Out,Out,Did Not Participate In Practice,Hamstring,Reserve,171,5
IND,DeForest Buckner,DL,DT,DNP (no game status yet),,Did Not Participate In Practice,Not injury related - resting player,Starter,214,5
JAX,Josh Hines-Allen,DL,DE,Limited,,Limited Participation in Practice,Groin,Starter,193,5
JAX,DaVon Hamilton,DL,DT,Limited,,Limited Participation in Practice,Foot,Starter,114,5
LAC,Branson Taylor,OL,G,Questionable,Questionable,Full Participation in Practice,Neck,No snaps yet,0,5
LAC,Kayode Awosika,OL,G,Out,Out,Did Not Participate In Practice,Fibula,Reserve,85,5
LAC,Joe Alt,OL,T,Out,Out,Did Not Participate In Practice,Neck,Reserve,218,5
LAC,Rashawn Slater,OL,T,DNP (no game status yet),,Did Not Participate In Practice,Ankle,Starter,252,5
LAC,Trevor Penning,OL,G,Out,Out,Did Not Participate In Practice,Concussion,Starter,141,5
LAR,Aaron Donald,DL,DT,Limited,,Limited Participation in Practice,Back,Reserve,68,5
LV,Trey Zuhn III,OL,C,Out,Out,Did Not Participate In Practice,Knee,Reserve,12,5
MIA,Rob Beal Jr.,DL,DE,Out,Out,Did Not Participate In Practice,Hamstring,No snaps yet,0,5
MIA,Kenneth Grant,DL,DT,Questionable,Questionable,Full Participation in Practice,Toe,No snaps yet,0,5
MIN,Michael Jurgens,OL,C,Questionable,Questionable,Full Participation in Practice,Elbow,No snaps yet,0,5
MIN,Brian O'Neill,OL,T,Questionable,Questionable,Limited Participation in Practice,Knee,Starter,254,5
MIN,Christian Darrisaw,OL,T,Out,Out,Did Not Participate In Practice,Concussion,Starter,218,5
NE,Christian Elliss,DL,LB,Questionable,Questionable,Limited Participation in Practice,Chest,Edge (LB),235,5
NE,Christian Barmore,DL,DT,Questionable,Questionable,Full Participation in Practice,Shoulder,Reserve,94,5
NE,Morgan Moses,OL,T,Questionable,Questionable,Limited Participation in Practice,Foot,Starter,241,5
NO,Kaden Elliss,DL,LB,Out,Out,Did Not Participate In Practice,Calf,Edge (LB),205,5
NO,Christen Miller,DL,DT,Questionable,Questionable,Did Not Participate In Practice,Illness,Reserve,25,5
NO,Jeremiah Wright,OL,G,Out,Out,Did Not Participate In Practice,Concussion,No snaps yet,0,5
NYG,Chauncey Golston,DL,DE,Out,Out,Did Not Participate In Practice,Neck,Starter,127,5
NYJ,Kingsley Enagbare,DL,DE,Questionable,Questionable,Full Participation in Practice,Knee,Reserve,111,5
NYJ,Will McDonald IV,DL,DE,Questionable,Questionable,Limited Participation in Practice,Calf,Starter,138,5
NYJ,Dylan Parham,OL,G,Out,Out,Did Not Participate In Practice,Knee,Reserve,179,5
PHI,A.J. Epenesa,DL,DE,Limited,,Limited Participation in Practice,Back,No snaps yet,0,5
PHI,Drew Kendall,OL,C,Out,Out,Did Not Participate In Practice,Knee,Starter,187,5
SF,Mykel Williams,DL,DE,Questionable,Questionable,Full Participation in Practice,Knee,No snaps yet,0,5
SF,Nick Bosa,DL,DE,Out,Out,Did Not Participate In Practice,Knee,Reserve,76,5
SF,James Thompson Jr.,DL,DT,Out,Out,Did Not Participate In Practice,Ankle,Reserve,42,5
TB,Anthony Nelson,DL,LB,Limited,,Limited Participation in Practice,Illness,Edge (LB),89,5
WSH,K'Lavon Chaisson,DL,LB,DNP (no game status yet),,Did Not Participate In Practice,Not injury related - resting player,Edge (LB),168,5
WSH,Deatrich Wise,DL,DE,Questionable,Questionable,Limited Participation in Practice,Quadricep,No snaps yet,0,5
WSH,Charles Omenihu,DL,DE,Out,Out,Did Not Participate In Practice,Groin,Reserve,110,5
